--
-- PostgreSQL database dump
--

-- Dumped from database version 11.15
-- Dumped by pg_dump version 14.2 (Ubuntu 14.2-1ubuntu1)

SET statement_timeout = 0;
SET lock_timeout = 0;
SET idle_in_transaction_session_timeout = 0;
SET client_encoding = 'UTF8';
SET standard_conforming_strings = on;
SELECT pg_catalog.set_config('search_path', '', false);
SET check_function_bodies = false;
SET xmloption = content;
SET client_min_messages = warning;
SET row_security = off;

SET default_tablespace = '';

--
-- Name: appartments; Type: TABLE; Schema: public; Owner: test
--

CREATE TABLE public.appartments (
    id integer NOT NULL,
    name text,
    image text,
    country text,
    city text,
    zip_code text,
    address text,
    address2 text,
    latitude double precision,
    longitude double precision,
    direction text,
    booked integer
);


ALTER TABLE public.appartments OWNER TO test;

--
-- Name: bookings; Type: TABLE; Schema: public; Owner: test
--

CREATE TABLE public.bookings (
    id integer,
    user_id integer,
    starts_at text,
    booked_at text,
    booked_for integer,
    apartment_id integer,
    confirmed integer
);


ALTER TABLE public.bookings OWNER TO test;

--
-- Name: users; Type: TABLE; Schema: public; Owner: test
--

CREATE TABLE public.users (
    id integer,
    first_name text,
    last_name text,
    full_name text,
    job_title text,
    job_type text,
    phone text,
    email text,
    image text,
    country text,
    city text,
    onboarding_completion integer
);


ALTER TABLE public.users OWNER TO test;

--
-- Data for Name: appartments; Type: TABLE DATA; Schema: public; Owner: test
--

COPY public.appartments (id, name, image, country, city, zip_code, address, address2, latitude, longitude, direction, booked) FROM stdin;
0	Wolff LLC	http://placeimg.com/640/480/city	Bedfordshire	South Macstad	80679	761 Nikita Mews	Suite 306	38.194099999999999	58.314999999999998	North	37
1	O'Keefe - Wunsch	http://placeimg.com/640/480/city	Buckinghamshire	Rosariomouth	32225-6871	016 Jules Harbor	Apt. 583	5.9271000000000003	-95.185500000000005	Northeast	38
2	Waters Group	http://placeimg.com/640/480/city	Cambridgeshire	East Garett	24852-4545	690 Ullrich Ridges	Apt. 303	-10.6776	-105.1542	West	5
3	McDermott\\, Little and Waelchi	http://placeimg.com/640/480/city	Buckinghamshire	New Karlmouth	74416-4346	9546 Block Circle	Apt. 616	82.105500000000006	-142.86969999999999	East	64
4	Welch Group	http://placeimg.com/640/480/city	Bedfordshire	Naderborough	60182-2880	92830 Predovic Meadow	Suite 058	-32.526899999999998	45.312899999999999	West	22
5	Metz - Wunsch	http://placeimg.com/640/480/city	Bedfordshire	Pleasanton	56414	6894 Bins Wells	Suite 495	80.671300000000002	-175.78649999999999	West	37
6	Ondricka - Cartwright	http://placeimg.com/640/480/city	Bedfordshire	Bozeman	83891	71968 Pollich Pines	Suite 068	-61.424199999999999	24.115100000000002	Northwest	64
7	Cartwright and Sons	http://placeimg.com/640/480/city	Berkshire	Hilmashire	40737-9204	015 Rosalinda Parkway	Apt. 452	73.836799999999997	94.339399999999998	East	70
8	Ebert Inc	http://placeimg.com/640/480/city	Berkshire	Rancho Santa Margarita	05366-6264	08073 Hartmann Harbors	Apt. 793	-44.533799999999999	-72.964600000000004	Southeast	76
9	O'Hara - Towne	http://placeimg.com/640/480/city	Berkshire	Hegmannstad	14353-8008	0194 Shirley Estate	Apt. 318	-45.008299999999998	-106.1228	Southwest	40
10	Lindgren LLC	http://placeimg.com/640/480/city	Cambridgeshire	Turlock	90050-0724	835 Casimer Brooks	Suite 680	-26.770399999999999	144.21879999999999	Northwest	10
11	Hodkiewicz Group	http://placeimg.com/640/480/city	Berkshire	East Norris	58841	542 Labadie Burgs	Suite 371	-69.482200000000006	-179.56970000000001	Northwest	15
12	Runolfsson\\, Bradtke and Wolff	http://placeimg.com/640/480/city	Buckinghamshire	Wizaburgh	74319	263 Walker Motorway	Apt. 217	-35.549100000000003	36.7316	Northwest	78
13	Nikolaus\\, Rogahn and Ondricka	http://placeimg.com/640/480/city	Bedfordshire	Stammmouth	82951-3467	5152 Edwina Dam	Apt. 851	-58.771700000000003	-55.113	Southeast	87
14	Cruickshank\\, Ritchie and Purdy	http://placeimg.com/640/480/city	Cambridgeshire	Ocieville	84929-3733	93754 Filiberto Mission	Suite 907	-34.468499999999999	31.303599999999999	West	88
15	Langworth and Sons	http://placeimg.com/640/480/city	Borders	Rauhaven	49402	457 Metz Flat	Suite 410	-18.437000000000001	11.4392	Southeast	2
16	MacGyver Group	http://placeimg.com/640/480/city	Buckinghamshire	Lake Braedenborough	30931	93106 Parker Drive	Apt. 167	46.195300000000003	-137.65809999999999	South	16
17	Streich\\, Russel and Will	http://placeimg.com/640/480/city	Buckinghamshire	Westminster	23514-3594	507 Bennett Forge	Apt. 402	-30.9145	7.9757999999999996	South	93
18	Haag LLC	http://placeimg.com/640/480/city	Berkshire	West Carter	65747-1000	61853 Lindgren Union	Apt. 355	30.6205	-99.379800000000003	Southwest	16
19	Hickle\\, Jerde and Watsica	http://placeimg.com/640/480/city	Berkshire	Emardside	21986	9130 Anderson Path	Apt. 324	-29.9816	-171.5498	North	67
20	Little LLC	http://placeimg.com/640/480/city	Avon	Norwoodview	80469-4183	0425 Zieme Prairie	Apt. 328	6.1634000000000002	-49.194299999999998	Southwest	43
21	Little and Sons	http://placeimg.com/640/480/city	Avon	Myriamfurt	79568-2026	007 Sarina Unions	Apt. 465	-13.105499999999999	11.7036	West	35
22	Schmitt - Carter	http://placeimg.com/640/480/city	Bedfordshire	Anaischester	11904-8709	91959 Ondricka Loaf	Apt. 912	-56.6477	72.057400000000001	Southwest	66
23	Tillman - Stark	http://placeimg.com/640/480/city	Avon	New Irving	65249	675 Osborne Springs	Apt. 655	40.251199999999997	32.759500000000003	Northwest	68
24	McClure\\, O'Connell and Grady	http://placeimg.com/640/480/city	Cambridgeshire	Rigobertoside	31301-3433	78522 Halvorson Fort	Apt. 492	-54.627099999999999	129.7056	East	17
25	Schuster Inc	http://placeimg.com/640/480/city	Cambridgeshire	Erdmanville	29378-4489	2931 Alanna Manor	Suite 297	-51.0291	104.1645	Northeast	76
26	Gulgowski LLC	http://placeimg.com/640/480/city	Cambridgeshire	Dinamouth	27958-2942	61979 Harry Forks	Suite 538	-27.1432	146.3493	West	51
27	Schmitt LLC	http://placeimg.com/640/480/city	Berkshire	Baileybury	29473	2894 Madilyn Estates	Suite 337	-64.000699999999995	-111.7045	East	42
28	Rowe\\, Huels and Nolan	http://placeimg.com/640/480/city	Bedfordshire	Hesperia	47379	0855 McCullough Trail	Suite 271	-81.010300000000001	175.5241	Southwest	38
29	Champlin Group	http://placeimg.com/640/480/city	Berkshire	Josephineberg	40180	270 Pollich Unions	Apt. 899	79.069000000000003	-95.466099999999997	Southwest	73
30	Towne LLC	http://placeimg.com/640/480/city	Berkshire	South Monserrat	55517-3802	59700 Leonard Falls	Suite 279	-12.3558	-99.172899999999998	Northeast	18
31	Dare and Sons	http://placeimg.com/640/480/city	Bedfordshire	Rasheedton	29406	347 Fadel Lake	Apt. 917	2.8683999999999998	19.650400000000001	Southwest	4
32	Satterfield LLC	http://placeimg.com/640/480/city	Borders	New Deven	52679	114 Gleichner Avenue	Apt. 343	-85.977099999999993	83.611900000000006	East	5
33	Lubowitz - Hyatt	http://placeimg.com/640/480/city	Bedfordshire	Raymundofort	54615	6816 Rutherford Meadow	Apt. 700	-7.024	74.054900000000004	Southwest	78
34	Nienow - Zieme	http://placeimg.com/640/480/city	Cambridgeshire	New Gardner	31355	540 Morar Drive	Suite 524	-49.700600000000001	78.945099999999996	Northeast	71
35	Rippin\\, Nienow and Donnelly	http://placeimg.com/640/480/city	Bedfordshire	Cathedral City	80287	3655 Kertzmann Ridges	Apt. 611	-23.544899999999998	-71.897800000000004	North	97
36	Bernier Inc	http://placeimg.com/640/480/city	Buckinghamshire	Port Coltenborough	23238-3279	070 Newell Mountains	Suite 121	-50.9542	-9.3722999999999992	Southwest	74
37	Adams - Abernathy	http://placeimg.com/640/480/city	Borders	Bartlett	24180-9178	5772 Idell Shores	Suite 373	-22.3246	178.74100000000001	West	44
38	Becker\\, McDermott and Marvin	http://placeimg.com/640/480/city	Avon	Moore	49610	1028 Richard Harbor	Suite 043	62.877699999999997	-98.611900000000006	East	99
39	Abernathy\\, Herman and Marks	http://placeimg.com/640/480/city	Avon	Elviebury	12913	75123 Quigley Road	Suite 087	41.396799999999999	51.006300000000003	East	17
40	Yundt - Bernier	http://placeimg.com/640/480/city	Berkshire	Hoboken	04524-1946	5311 Tressie Brooks	Apt. 605	-36.943199999999997	121.4913	Southeast	35
41	Wehner Inc	http://placeimg.com/640/480/city	Borders	South Lorna	78056	914 Schmeler Trace	Apt. 264	-66.969800000000006	89.817899999999995	Southeast	29
42	McCullough\\, Armstrong and Kozey	http://placeimg.com/640/480/city	Cambridgeshire	Fritschfort	34335-1429	049 Stokes Forks	Suite 946	-42.223799999999997	-6.9130000000000003	Northeast	3
43	Waters\\, Hodkiewicz and Cummings	http://placeimg.com/640/480/city	Avon	Mayatown	35268	47805 Kuphal Overpass	Apt. 314	39.140099999999997	-22.337700000000002	North	68
44	White - Ziemann	http://placeimg.com/640/480/city	Buckinghamshire	North Garretport	61723-1960	340 Charles Mount	Apt. 750	13.950100000000001	-127.55159999999999	Southeast	18
45	Hirthe\\, Mayert and Abbott	http://placeimg.com/640/480/city	Avon	Valdosta	33080-2516	109 Seamus Lakes	Suite 955	86.593299999999999	-61.973100000000002	Northeast	83
46	Legros\\, Johnston and Ullrich	http://placeimg.com/640/480/city	Bedfordshire	Busterville	65909	55120 Kirlin Stravenue	Suite 702	78.474800000000002	-94.199100000000001	West	8
47	Metz\\, Feeney and Marquardt	http://placeimg.com/640/480/city	Avon	South Arnoldchester	61199	2741 Evelyn Wells	Apt. 229	-1.7472000000000001	49.988799999999998	East	5
48	Denesik - Thompson	http://placeimg.com/640/480/city	Bedfordshire	Cartermouth	28711-8560	91023 Marks Light	Suite 730	23.706399999999999	24.582899999999999	North	28
49	Cormier\\, Reynolds and Wiegand	http://placeimg.com/640/480/city	Bedfordshire	Emmerichton	89542	2441 Rylee Ranch	Suite 448	-38.6937	58.590800000000002	Northwest	36
50	Schumm - Leuschke	http://placeimg.com/640/480/city	Borders	Kennedychester	32702-5383	518 Briana Light	Suite 865	-48.546799999999998	-10.8028	Southwest	58
51	Jakubowski\\, Wisozk and Donnelly	http://placeimg.com/640/480/city	Avon	South Hollieside	00275	489 Alysson Burgs	Apt. 900	78.379400000000004	-72.757000000000005	South	49
52	Connelly - Hartmann	http://placeimg.com/640/480/city	Bedfordshire	Reingerbury	39484-0960	2383 Ebert Avenue	Suite 265	15.0336	-173.20599999999999	West	61
53	Kuhic\\, Cremin and Nienow	http://placeimg.com/640/480/city	Bedfordshire	North Winston	05119	2424 Emelia Parkway	Apt. 273	-75.477099999999993	-13.5541	West	37
54	Cormier\\, Botsford and Wolf	http://placeimg.com/640/480/city	Berkshire	Bradenton	47563	68298 Tillman Freeway	Apt. 690	-12.587199999999999	150.4307	West	10
55	Jacobi - Hand	http://placeimg.com/640/480/city	Bedfordshire	Port Magdalenaberg	81897	271 Steuber Cliff	Suite 490	81.108699999999999	-108.1922	Northwest	11
56	Botsford - Beer	http://placeimg.com/640/480/city	Cambridgeshire	Boyermouth	48983-9521	655 Rocky Row	Apt. 019	-12.3766	90.388499999999993	East	60
57	Moore Inc	http://placeimg.com/640/480/city	Borders	Lake Kurtberg	34318	425 Cummings Tunnel	Apt. 605	-28.841999999999999	179.62479999999999	East	60
58	Bode\\, Carter and Roob	http://placeimg.com/640/480/city	Buckinghamshire	Elliottborough	60381-3121	8753 Turner Squares	Apt. 054	36.766300000000001	65.286600000000007	Northeast	76
59	Waelchi Group	http://placeimg.com/640/480/city	Berkshire	North Gerard	66710-2471	557 Ernser Road	Apt. 142	-17.2362	-52.057600000000001	Southwest	93
60	Ledner\\, Kertzmann and Botsford	http://placeimg.com/640/480/city	Buckinghamshire	Texas City	90952-7327	8235 Bobby Hill	Suite 221	-87.587900000000005	-164.98750000000001	Northwest	90
61	Armstrong Group	http://placeimg.com/640/480/city	Avon	Port Thalia	73424-8988	279 Grimes Course	Apt. 113	-75.254499999999993	76.035899999999998	North	6
62	Bartoletti\\, O'Connell and Buckridge	http://placeimg.com/640/480/city	Berkshire	Zolaview	47747	3736 Esther Ports	Apt. 418	-13.5245	78.868099999999998	Northwest	39
63	Smith\\, Huel and Huel	http://placeimg.com/640/480/city	Avon	McKinney	46417	2732 Kunze Heights	Suite 073	32.992600000000003	127.0232	South	80
64	Gibson - Heidenreich	http://placeimg.com/640/480/city	Avon	East Orlandshire	16818	299 Deonte Forges	Suite 926	-46.026600000000002	-52.598199999999999	East	57
65	Beer Inc	http://placeimg.com/640/480/city	Berkshire	South Lewport	04988-6529	348 Ernser Creek	Suite 356	31.488099999999999	-7.0438999999999998	South	61
66	Howe LLC	http://placeimg.com/640/480/city	Borders	North Darby	57157	1664 Jillian Union	Suite 352	-62.821300000000001	-44.079500000000003	Southeast	21
67	Shanahan\\, Witting and Jacobson	http://placeimg.com/640/480/city	Berkshire	South Christopherborough	09547-5070	980 Cassin Rapid	Apt. 374	82.655299999999997	-29.5273	Southwest	15
68	Bradtke - Bernhard	http://placeimg.com/640/480/city	Avon	Lake Kaileebury	13061	4978 Witting Port	Suite 811	28.535900000000002	-57.557299999999998	West	10
69	Will LLC	http://placeimg.com/640/480/city	Borders	Zboncakfort	76539	599 Leuschke Ways	Suite 475	25.9727	-15.506600000000001	Southeast	74
70	Ratke - Rogahn	http://placeimg.com/640/480/city	Cambridgeshire	South Margarete	02969	590 Maye Square	Suite 133	-34.277700000000003	59.349200000000003	Northwest	64
71	Kling\\, Wilderman and Hansen	http://placeimg.com/640/480/city	Buckinghamshire	Norenefurt	50242	8884 Lauriane Stream	Apt. 017	27.3216	-177.79650000000001	West	54
72	Quigley and Sons	http://placeimg.com/640/480/city	Borders	South Marty	64916-2092	8227 Derrick Rapids	Apt. 271	20.999700000000001	-45.753300000000003	Northeast	84
73	Volkman\\, Thiel and Schulist	http://placeimg.com/640/480/city	Bedfordshire	Iowa City	06480	077 Bradtke Viaduct	Apt. 208	-75.9405	161.4289	Southeast	63
74	Kihn\\, Paucek and Carter	http://placeimg.com/640/480/city	Berkshire	Haleyhaven	18722-4219	5742 Runte Vista	Suite 996	-85.289299999999997	136.4228	East	56
75	Bins and Sons	http://placeimg.com/640/480/city	Avon	Kertzmannmouth	86932	18313 Lizzie Row	Apt. 903	40.439799999999998	176.0136	North	73
76	Crooks LLC	http://placeimg.com/640/480/city	Buckinghamshire	West Elisafort	74529	3222 Nicolas Bypass	Suite 383	21.616900000000001	64.973799999999997	North	82
77	Rolfson - Nader	http://placeimg.com/640/480/city	Berkshire	South Brisa	55507	1746 Johnson Harbors	Apt. 948	-52.731299999999997	150.2467	Southeast	49
78	Bogisich\\, Tromp and O'Conner	http://placeimg.com/640/480/city	Buckinghamshire	Raoulhaven	75620-2131	8972 Prosacco Glens	Suite 354	-73.773600000000002	-164.58629999999999	Southwest	97
79	Lubowitz\\, McKenzie and Treutel	http://placeimg.com/640/480/city	Avon	Lake Alfton	73658-5538	80001 Devonte Estates	Suite 003	-51.362699999999997	122.80670000000001	North	33
80	Heller\\, Kirlin and Kirlin	http://placeimg.com/640/480/city	Berkshire	West Josiahberg	77714	68702 Laisha Place	Apt. 394	-0.76790000000000003	91.995500000000007	Northwest	39
81	Kohler - Grant	http://placeimg.com/640/480/city	Cambridgeshire	East Christview	48031-0423	912 Swaniawski Vista	Apt. 280	-81.860399999999998	127.6818	North	22
82	Leuschke - Breitenberg	http://placeimg.com/640/480/city	Buckinghamshire	North Ernestoton	89209	7726 Leannon Haven	Apt. 710	68.878299999999996	51.833599999999997	Southeast	68
83	Connelly - Kihn	http://placeimg.com/640/480/city	Bedfordshire	North Graham	12312-4511	7545 Stokes Ville	Apt. 561	-54.110300000000002	-101.4496	Southeast	99
84	Bode Group	http://placeimg.com/640/480/city	Berkshire	East Elisechester	36162	51717 Chester Station	Apt. 787	-45.877400000000002	-146.10839999999999	Southeast	40
85	Swaniawski\\, Kris and Casper	http://placeimg.com/640/480/city	Bedfordshire	North Eda	86745	0046 Jayden Court	Suite 430	87.168300000000002	-146.8946	South	94
86	Ankunding - Gibson	http://placeimg.com/640/480/city	Avon	Weymouth Town	74701-9356	73339 Ziemann Port	Apt. 021	-87.736599999999996	162.60079999999999	Southeast	72
87	Upton\\, Lesch and Leffler	http://placeimg.com/640/480/city	Bedfordshire	Huntington Park	82018-3794	4661 Annamarie Camp	Suite 462	-52.353499999999997	-3.7364000000000002	North	85
88	Torphy\\, Roberts and Hammes	http://placeimg.com/640/480/city	Bedfordshire	Schroederhaven	57387-6146	9198 Barton Knoll	Apt. 134	-33.2241	-23.302299999999999	Southeast	49
89	O'Reilly - King	http://placeimg.com/640/480/city	Bedfordshire	Ferryland	89620-4742	5111 Torp View	Suite 030	69.384	-82.843400000000003	Northwest	22
90	Schmidt - Crist	http://placeimg.com/640/480/city	Bedfordshire	Soniachester	65920	676 Conn Courts	Suite 535	32.778799999999997	175.99850000000001	Northwest	16
91	Weimann\\, Conroy and Greenfelder	http://placeimg.com/640/480/city	Cambridgeshire	Port Generalland	62790	08479 Hane View	Suite 779	-3.7349999999999999	-15.772	East	72
92	Gaylord Group	http://placeimg.com/640/480/city	Cambridgeshire	Lake Keeley	03782	63732 Kemmer Valley	Suite 300	52.957299999999996	77.068100000000001	West	26
93	Ondricka - Sanford	http://placeimg.com/640/480/city	Cambridgeshire	New Marco	94980-6207	614 Buster Cove	Suite 035	-25.520299999999999	6.8925999999999998	Northwest	74
94	Harber Inc	http://placeimg.com/640/480/city	Borders	Daphneefort	25010-8675	0793 Reichel Keys	Suite 147	48.002699999999997	75.668199999999999	Southwest	72
95	Mayert and Sons	http://placeimg.com/640/480/city	Berkshire	Jastberg	68873-7559	660 Kuhlman Hollow	Apt. 698	14.0222	-119.9575	West	11
96	White - Mayer	http://placeimg.com/640/480/city	Borders	Blacksburg	98061	73986 Leuschke Shore	Apt. 007	-46.378100000000003	-80.254199999999997	North	59
97	Wilderman - Mante	http://placeimg.com/640/480/city	Bedfordshire	Stromanshire	54524	3926 Dietrich Points	Apt. 344	-73.490200000000002	-163.58090000000001	East	90
98	Quitzon\\, Rath and Carter	http://placeimg.com/640/480/city	Borders	Cummingsmouth	19195-1552	0962 Alfreda Field	Suite 134	25.354500000000002	109.90219999999999	Northwest	13
99	Franecki\\, Rath and Deckow	http://placeimg.com/640/480/city	Cambridgeshire	Sauerberg	71297	0096 Daniel Trail	Suite 954	-49.742400000000004	19.031400000000001	Southwest	99
100	Tillman Group	http://placeimg.com/640/480/city	Berkshire	New Elmoretown	01578-8271	402 Nienow Cliffs	Apt. 107	-18.507200000000001	-152.98859999999999	Northeast	72
101	Volkman - Denesik	http://placeimg.com/640/480/city	Cambridgeshire	Douglasport	41795-0366	7314 Turner Plain	Suite 929	-39.695799999999998	-178.48830000000001	West	13
102	Shanahan Group	http://placeimg.com/640/480/city	Buckinghamshire	Bayerside	08859	3151 Kris Motorway	Suite 734	-47.537599999999998	47.433500000000002	Northeast	78
103	Haley Group	http://placeimg.com/640/480/city	Avon	East Kristofferfurt	49355-2313	701 Colleen Gardens	Suite 514	22.139299999999999	-117.16630000000001	Northeast	40
104	Reinger and Sons	http://placeimg.com/640/480/city	Avon	Naderfort	39528-0598	65587 Maximilian River	Suite 456	44.774700000000003	101.86020000000001	West	67
105	Lang\\, Harber and Erdman	http://placeimg.com/640/480/city	Berkshire	East Gilbertview	54377	7392 Christiansen Villages	Apt. 549	42.863300000000002	-73.636799999999994	Northwest	95
106	Swaniawski Inc	http://placeimg.com/640/480/city	Borders	Carrollview	84754-3783	598 Mraz Cape	Suite 519	-63.857100000000003	-88.633399999999995	Southwest	20
107	Brakus\\, Anderson and D'Amore	http://placeimg.com/640/480/city	Avon	Rodrickton	04417	490 Prosacco Mall	Apt. 978	34.527299999999997	-128.29079999999999	Northeast	96
108	Pfannerstill - Homenick	http://placeimg.com/640/480/city	Berkshire	Weimannton	34402-8372	6109 Godfrey Pines	Suite 687	30.988199999999999	3.8896000000000002	Southeast	72
109	Sporer\\, Rau and Hackett	http://placeimg.com/640/480/city	Buckinghamshire	East Camrynville	48017-7318	33115 Zackery Harbor	Apt. 044	28.2913	120.1567	South	37
110	Blick\\, Abshire and McDermott	http://placeimg.com/640/480/city	Avon	West Eulahberg	82155-1515	4257 Runolfsdottir Springs	Apt. 378	-39.377499999999998	73.611500000000007	South	41
111	Osinski\\, Rohan and Friesen	http://placeimg.com/640/480/city	Borders	Longview	55898-9240	62522 Maye Views	Apt. 491	28.9498	-71.503799999999998	Southeast	45
112	Sanford Group	http://placeimg.com/640/480/city	Berkshire	New Melodyhaven	12848-2796	3105 Dion Walks	Suite 210	74.142700000000005	84.849400000000003	Northeast	77
113	Okuneva\\, Kulas and Bayer	http://placeimg.com/640/480/city	Berkshire	Elnafurt	68031	6449 Evangeline Way	Apt. 892	37.872599999999998	-166.13040000000001	Southwest	29
114	Runte - Hamill	http://placeimg.com/640/480/city	Bedfordshire	Arelyville	91773-0335	99308 Glover Streets	Suite 214	79.798900000000003	36.164700000000003	West	66
115	Moore - Hackett	http://placeimg.com/640/480/city	Avon	Port Pat	20200	42000 Lonny Lodge	Suite 133	-81.900599999999997	-133.68799999999999	North	3
116	Collier Inc	http://placeimg.com/640/480/city	Avon	Patricialand	83899	37180 Grimes Gateway	Suite 573	-89.661699999999996	-3.2166999999999999	Southeast	88
117	Yundt Group	http://placeimg.com/640/480/city	Bedfordshire	Jeanfurt	02461	45914 Wuckert Skyway	Suite 537	26.8188	-33.918300000000002	South	91
118	Stehr\\, Marks and Jacobson	http://placeimg.com/640/480/city	Berkshire	Kayceeburgh	05484	7845 Cruickshank Glen	Apt. 666	22.046099999999999	168.95160000000001	East	96
119	Stanton LLC	http://placeimg.com/640/480/city	Cambridgeshire	Livonia	87060-6380	7730 Fahey Groves	Apt. 117	54.223199999999999	-45.076799999999999	Northwest	81
120	Cummerata LLC	http://placeimg.com/640/480/city	Bedfordshire	Orvilleburgh	45491-3693	98738 Alayna Mountain	Apt. 474	-47.547699999999999	-125.7289	Southwest	35
121	Emard LLC	http://placeimg.com/640/480/city	Bedfordshire	Maryjanechester	37515-7576	378 Lamont Manor	Apt. 973	-65.399100000000004	-51.174900000000001	Southeast	52
122	Buckridge Group	http://placeimg.com/640/480/city	Buckinghamshire	East Hoyt	22166-6974	0844 Gottlieb Spur	Apt. 383	-27.663599999999999	-105.56140000000001	Northwest	44
123	Hauck Group	http://placeimg.com/640/480/city	Cambridgeshire	East Camylleview	59281-2586	215 Dooley Passage	Suite 055	-49.533200000000001	25.9815	Southeast	52
124	Thompson Group	http://placeimg.com/640/480/city	Berkshire	Plano	83551-6146	48578 Swift Mission	Suite 529	-84.280699999999996	109.8943	Northeast	11
125	Huel and Sons	http://placeimg.com/640/480/city	Borders	South Matilda	26942-1162	684 Freida Views	Apt. 812	-58.142600000000002	-154.9795	South	32
126	Spencer\\, Koss and Bergnaum	http://placeimg.com/640/480/city	Buckinghamshire	Baumbachshire	41410-2472	73676 Terry Skyway	Apt. 322	-88.501499999999993	-21.491099999999999	South	29
127	Grimes - Walsh	http://placeimg.com/640/480/city	Berkshire	Koelpinfurt	08617-5098	600 Sandrine Coves	Apt. 396	-80.663899999999998	111.9027	Northwest	67
128	Wolff\\, Bins and Lang	http://placeimg.com/640/480/city	Buckinghamshire	North Asaborough	47046-6485	516 Katelyn Lock	Suite 457	19.0321	80.157200000000003	Northeast	52
129	Barrows Inc	http://placeimg.com/640/480/city	Berkshire	Nienowbury	59411	34979 Janelle Passage	Suite 021	68.896199999999993	113.97150000000001	Northeast	43
130	Sawayn\\, Stark and Dicki	http://placeimg.com/640/480/city	Buckinghamshire	Lake Oriemouth	28582-8179	22673 Savanah Camp	Apt. 178	-11.9975	-4.8349000000000002	Southwest	18
131	Smith - Powlowski	http://placeimg.com/640/480/city	Borders	South Jolie	63693	285 Rogahn Rest	Suite 933	73.128600000000006	-50.260899999999999	East	96
132	Leffler - Casper	http://placeimg.com/640/480/city	Borders	West Chesterberg	69305	62518 Donna Mills	Suite 923	40.953099999999999	132.51929999999999	Southeast	95
133	Vandervort LLC	http://placeimg.com/640/480/city	Avon	West Annettebury	37078	50973 Bartoletti Unions	Apt. 661	0.58860000000000001	-116.35720000000001	South	45
134	Tromp Inc	http://placeimg.com/640/480/city	Bedfordshire	Aminaville	86050-7909	6704 Benny Prairie	Suite 666	57.614199999999997	96.335800000000006	Northeast	62
135	Wolf - Collier	http://placeimg.com/640/480/city	Buckinghamshire	Lake Forest	94799	2240 Rosendo Mills	Apt. 521	-86.177700000000002	140.53489999999999	Southwest	30
136	D'Amore Inc	http://placeimg.com/640/480/city	Buckinghamshire	Flower Mound	87684	111 Janessa Inlet	Suite 038	-47.350099999999998	82.816199999999995	Northeast	83
137	Kemmer Group	http://placeimg.com/640/480/city	Avon	Port Erickahaven	90197-3537	461 Helene Drive	Suite 410	6.7355	-36.046100000000003	Southeast	41
138	Roob\\, Herzog and Haag	http://placeimg.com/640/480/city	Borders	North Tevin	78602-7503	80601 Zoila Glen	Apt. 590	-71.716099999999997	83.927400000000006	Southwest	43
139	Runolfsson - Harris	http://placeimg.com/640/480/city	Bedfordshire	Pflugerville	20839-2859	8763 Zemlak Lodge	Apt. 085	-30.007200000000001	-89.264099999999999	Southwest	48
140	Robel - Klocko	http://placeimg.com/640/480/city	Berkshire	East Sarahshire	27428	34502 Grady Fork	Apt. 832	-77.930300000000003	-104.6019	North	49
141	Moore\\, Streich and Howell	http://placeimg.com/640/480/city	Berkshire	Hillsshire	32634	060 Jakubowski Circles	Suite 683	-14.5444	-109.9973	Northeast	18
142	Dietrich\\, Heidenreich and Schuppe	http://placeimg.com/640/480/city	Avon	East Elinor	36960-7459	408 Hilll Junction	Apt. 600	-59.341900000000003	-158.0067	Southwest	70
143	Kiehn\\, Kovacek and Marvin	http://placeimg.com/640/480/city	Buckinghamshire	New Kiarramouth	66860-8673	4176 Ryan Islands	Suite 892	60.270699999999998	-87.209100000000007	North	3
144	Kuphal\\, Weimann and Thompson	http://placeimg.com/640/480/city	Berkshire	East Taryntown	83082	828 Alexandra Port	Suite 163	43.821899999999999	109.50109999999999	South	97
145	Wunsch - Carter	http://placeimg.com/640/480/city	Borders	West Lincolnville	76908	677 Crona Springs	Suite 837	-61.215000000000003	-99.556100000000001	Southwest	21
146	Padberg\\, Langosh and Sipes	http://placeimg.com/640/480/city	Buckinghamshire	South Anaborough	01528-7668	3813 Cruickshank River	Suite 593	-48.824199999999998	-34.975999999999999	East	36
147	Roob\\, Kirlin and Weber	http://placeimg.com/640/480/city	Berkshire	Port Anjalifurt	86533-5705	811 Stefanie Mission	Suite 916	-40.713500000000003	44.465699999999998	West	72
148	Sanford LLC	http://placeimg.com/640/480/city	Borders	North Mervinberg	13468	95131 Marjorie Path	Apt. 797	29.1416	127.1921	Southwest	7
149	Howell\\, Bergstrom and MacGyver	http://placeimg.com/640/480/city	Buckinghamshire	West Russelshire	17939	674 Rau Field	Suite 098	10.4786	-31.0548	East	43
150	Will Group	http://placeimg.com/640/480/city	Bedfordshire	Mohammadborough	68056-7541	75484 Jacobi Keys	Suite 340	-44.440300000000001	175.47219999999999	South	79
151	Hilpert - Sanford	http://placeimg.com/640/480/city	Bedfordshire	South Lenniestad	86147-5946	368 Garry Spurs	Apt. 144	77.914599999999993	-81.220799999999997	Southeast	57
152	Reinger\\, Halvorson and Dickinson	http://placeimg.com/640/480/city	Berkshire	West Domenick	31277	931 Schultz Plains	Apt. 542	-28.505600000000001	-0.97489999999999999	Northeast	64
153	Schumm - Hand	http://placeimg.com/640/480/city	Buckinghamshire	South Meta	18091-9144	70685 Hegmann Park	Suite 673	9.3978000000000002	-17.319700000000001	West	21
154	Spencer LLC	http://placeimg.com/640/480/city	Bedfordshire	Elwynburgh	63709	60961 Etha Centers	Apt. 638	61.510899999999999	-10.325799999999999	Northwest	45
155	Weimann\\, Donnelly and Hegmann	http://placeimg.com/640/480/city	Avon	Landenton	14509-6107	9173 Lueilwitz Camp	Apt. 770	-74.343599999999995	-123.1041	East	47
156	Davis\\, Rath and O'Keefe	http://placeimg.com/640/480/city	Bedfordshire	Huntington Park	87600	69838 Bode Ford	Suite 194	-2.5838000000000001	-128.059	Northwest	75
157	Haley\\, Stehr and Mayert	http://placeimg.com/640/480/city	Berkshire	West Nathenborough	03771	637 Melody Stream	Apt. 498	45.876600000000003	-46.629899999999999	West	17
158	VonRueden and Sons	http://placeimg.com/640/480/city	Borders	South Helgamouth	91671-7698	6332 Gabrielle Ways	Suite 839	41.7393	-57.189100000000003	South	23
159	White - Lindgren	http://placeimg.com/640/480/city	Avon	West Jamir	99314-7475	85561 Johnson Expressway	Suite 047	-67.596100000000007	-96.605599999999995	Northwest	60
160	Dach - Cummerata	http://placeimg.com/640/480/city	Bedfordshire	Port Magdalen	38386	8995 Ericka Summit	Suite 460	-11.858499999999999	-102.29900000000001	East	93
161	Howe Group	http://placeimg.com/640/480/city	Borders	Jersey City	26968-3411	414 Thalia Station	Apt. 032	-23.311900000000001	137.8955	West	94
162	Cummings\\, Beer and Ratke	http://placeimg.com/640/480/city	Borders	South Orafort	87930	224 Ritchie Lane	Suite 277	33.2014	-83.463899999999995	Northeast	77
163	Bogisich\\, Wolf and Reichert	http://placeimg.com/640/480/city	Buckinghamshire	Lucasberg	81203	006 Parker Fields	Suite 398	59.4069	124.0907	Northwest	80
164	Stiedemann\\, Pouros and McCullough	http://placeimg.com/640/480/city	Avon	Lake Miltonland	24595	4299 Goldner Points	Suite 105	83.4666	-151.21680000000001	Southeast	11
165	Auer\\, O'Keefe and Kunze	http://placeimg.com/640/480/city	Berkshire	Rancho Santa Margarita	56025	13034 Virgie Ford	Suite 654	80.727599999999995	138.47540000000001	Northwest	100
166	Moore - O'Hara	http://placeimg.com/640/480/city	Buckinghamshire	Port Remingtonfort	76988-6185	681 Raegan Camp	Suite 732	-73.508899999999997	-15.532	North	5
167	Pacocha\\, Kovacek and Weimann	http://placeimg.com/640/480/city	Buckinghamshire	Stanchester	96292	16209 Hettinger Mountains	Suite 561	6.1913999999999998	-79.103200000000001	Northeast	49
168	Wolff - Gutmann	http://placeimg.com/640/480/city	Borders	Johnshaven	27543-5366	101 Helena Loop	Apt. 315	57.399500000000003	37.476799999999997	Northwest	37
169	Breitenberg\\, Stracke and Breitenberg	http://placeimg.com/640/480/city	Bedfordshire	South Jaidenville	05971-2043	229 Stark Parkway	Suite 953	-76.313699999999997	-11.588200000000001	South	66
170	Nicolas - Jerde	http://placeimg.com/640/480/city	Avon	New Alvis	70934-1256	11798 Cristobal Roads	Suite 121	61.676000000000002	-49.019199999999998	Northwest	70
171	Kertzmann\\, Jones and Thiel	http://placeimg.com/640/480/city	Buckinghamshire	Ornhaven	64276-2718	0004 Pearl Ramp	Apt. 605	76.463300000000004	16.542400000000001	South	60
172	Leffler\\, Fritsch and Blanda	http://placeimg.com/640/480/city	Borders	South Nakiaberg	37541-8093	92151 Maymie Village	Suite 089	32.043799999999997	135.3092	West	95
173	Thiel\\, Swift and Hermiston	http://placeimg.com/640/480/city	Berkshire	Hermistontown	43051-4528	52797 Sadie Lock	Apt. 847	-73.376099999999994	-151.12090000000001	Southwest	23
174	Veum LLC	http://placeimg.com/640/480/city	Berkshire	Augustineport	76247-2681	6207 Crist Valley	Suite 350	15.6631	95.582800000000006	Northwest	56
175	Balistreri - Gleichner	http://placeimg.com/640/480/city	Borders	Ednamouth	65541	798 Jamaal Trafficway	Suite 503	-83.943799999999996	19.703700000000001	Northwest	41
176	Jones and Sons	http://placeimg.com/640/480/city	Cambridgeshire	North Danielleside	70837-4755	861 Evelyn Cape	Suite 352	-64.075400000000002	-49.804200000000002	South	54
177	Kassulke Group	http://placeimg.com/640/480/city	Cambridgeshire	East Elliot	77961	820 Jacobs Way	Apt. 747	-80.106999999999999	179.57470000000001	West	86
178	Schaden\\, Dicki and Toy	http://placeimg.com/640/480/city	Borders	New Destanyfort	32825-9170	7926 Pollich Mountains	Suite 451	59.450400000000002	162.77449999999999	Northeast	12
179	Kulas - Krajcik	http://placeimg.com/640/480/city	Cambridgeshire	Lake Raegan	50337-2540	94335 Schuppe Road	Suite 189	76.042599999999993	-157.2808	South	4
180	Green\\, Harber and Bernhard	http://placeimg.com/640/480/city	Cambridgeshire	Turlock	21921	427 Lang Plaza	Apt. 865	-51.318600000000004	144.31039999999999	South	9
181	Gulgowski - Rosenbaum	http://placeimg.com/640/480/city	Berkshire	North Olaf	67657-2083	561 Loren Causeway	Suite 415	85.403099999999995	-129.9949	North	84
182	Welch\\, Will and Kunze	http://placeimg.com/640/480/city	Bedfordshire	Port Vergie	29593	5601 Lind Villages	Apt. 695	-32.573999999999998	159.0197	East	51
183	Lemke\\, Hoeger and Maggio	http://placeimg.com/640/480/city	Cambridgeshire	North Audreanneshire	83840	877 Huels Springs	Apt. 050	0.93510000000000004	-0.78159999999999996	Southwest	31
184	Fritsch\\, Waelchi and Cassin	http://placeimg.com/640/480/city	Borders	West Barbara	30406	323 Boyer Pine	Apt. 950	42.367100000000001	136.6336	Southwest	33
185	Gulgowski - Raynor	http://placeimg.com/640/480/city	Bedfordshire	Sophiehaven	27989	927 Jacobson Turnpike	Apt. 712	9.0119000000000007	-73.992400000000004	West	17
186	Hamill - Pfeffer	http://placeimg.com/640/480/city	Berkshire	Lake Aldaborough	42164-8057	66139 Glenda Flat	Suite 692	19.032599999999999	30.310099999999998	West	86
187	Abshire - Koch	http://placeimg.com/640/480/city	Borders	East Lilianeshire	03833	84426 Mitchell Mount	Suite 776	-45.276899999999998	-6.8868	West	95
188	Satterfield LLC	http://placeimg.com/640/480/city	Bedfordshire	Cape Coral	30892-4349	0429 Blanche Crest	Apt. 870	-71.393299999999996	141.05070000000001	East	5
189	Harris and Sons	http://placeimg.com/640/480/city	Bedfordshire	Amaniborough	23632-6174	14431 Chaz Viaduct	Apt. 183	-37.585000000000001	154.4093	South	30
190	Lebsack - Bauch	http://placeimg.com/640/480/city	Cambridgeshire	Oberbrunnerbury	37149-3388	04255 Kuhn Road	Apt. 261	-37.551000000000002	-113.4406	Northwest	21
191	Erdman - Thiel	http://placeimg.com/640/480/city	Borders	Naderfurt	20839	1892 Kiley Manor	Apt. 569	38.590899999999998	-137.1087	South	99
192	Rempel LLC	http://placeimg.com/640/480/city	Cambridgeshire	East Sadye	43439	74903 Allison Locks	Suite 380	-26.892700000000001	84.743300000000005	Southwest	69
193	Bednar\\, Schmeler and Bechtelar	http://placeimg.com/640/480/city	Buckinghamshire	South Colbyport	67773	597 Johns Orchard	Suite 215	-41.003700000000002	31.1934	West	7
194	Dach LLC	http://placeimg.com/640/480/city	Cambridgeshire	Lincoln	53750	6622 Ritchie Mountain	Apt. 750	5.6356000000000002	10.600300000000001	North	39
195	Kris - Schaefer	http://placeimg.com/640/480/city	Cambridgeshire	Bergechester	54950-2939	534 Harber Landing	Suite 789	43.689500000000002	-165.86150000000001	West	62
196	Schroeder - Rosenbaum	http://placeimg.com/640/480/city	Cambridgeshire	New Antwonville	89454-0444	3214 Reynolds Rapid	Apt. 187	-27.672499999999999	-64.483900000000006	West	99
197	Hauck\\, Willms and Nitzsche	http://placeimg.com/640/480/city	Cambridgeshire	Hallieton	64008-2529	208 Brandon Shoals	Suite 665	46.831899999999997	161.67609999999999	East	84
198	Dickens - Yost	http://placeimg.com/640/480/city	Buckinghamshire	Waukegan	81958-1038	407 Hilll Place	Apt. 641	44.288200000000003	147.5343	Southeast	96
199	Haag and Sons	http://placeimg.com/640/480/city	Berkshire	Santa Monica	23657	25901 Waelchi Crossing	Apt. 141	89.594399999999993	110.26439999999999	West	54
200	Witting - Williamson	http://placeimg.com/640/480/city	Cambridgeshire	Port Teaganville	31541-8310	430 Reynolds Radial	Apt. 156	18.0185	-82.916300000000007	Southwest	66
201	Mills and Sons	http://placeimg.com/640/480/city	Avon	Gastonton	12141	47250 Antwon Street	Apt. 422	71.621200000000002	111.1661	West	52
202	Zulauf\\, Treutel and Stamm	http://placeimg.com/640/480/city	Bedfordshire	Tinley Park	40780	7949 Padberg Mission	Suite 139	13.9407	-68.045100000000005	West	6
203	Cassin\\, Schumm and Botsford	http://placeimg.com/640/480/city	Borders	Port Felix	74580	20427 Buckridge Station	Apt. 797	-61.478000000000002	-50.961799999999997	South	1
204	Armstrong Inc	http://placeimg.com/640/480/city	Avon	East Georgiannachester	38377-8865	1134 Klein Trafficway	Apt. 107	-34.7943	-104.6474	North	31
205	Rosenbaum and Sons	http://placeimg.com/640/480/city	Buckinghamshire	Hermanhaven	05406	757 Shanahan Lock	Suite 483	-25.351900000000001	125.8627	Northeast	22
206	Fritsch - Johnston	http://placeimg.com/640/480/city	Berkshire	Rosafort	23100	9747 Fay Stream	Apt. 865	-3.5125000000000002	-108.4038	Southwest	20
207	Pagac LLC	http://placeimg.com/640/480/city	Cambridgeshire	Kansas City	37697	772 Runolfsdottir Village	Suite 556	66.167299999999997	-7.7582000000000004	West	1
208	Beahan Group	http://placeimg.com/640/480/city	Bedfordshire	Wilberhaven	16934	387 Gusikowski Fields	Suite 498	70.536600000000007	-91.419200000000004	South	5
209	Kassulke LLC	http://placeimg.com/640/480/city	Borders	East Margarett	44732-5744	55744 Shanelle Trace	Apt. 260	56.865000000000002	36.1539	Southeast	88
210	Weissnat\\, Kautzer and Cronin	http://placeimg.com/640/480/city	Borders	New Laneyfort	57638	26769 Dewayne Locks	Suite 993	-38.143599999999999	96.414699999999996	Southwest	20
211	Buckridge\\, Bruen and Tillman	http://placeimg.com/640/480/city	Buckinghamshire	Rempelberg	50812-3066	16282 Jazmyn Junction	Suite 917	4.0964	168.61189999999999	East	57
212	Beahan and Sons	http://placeimg.com/640/480/city	Buckinghamshire	Nadiastad	22832	25088 Gerlach Rapids	Apt. 925	30.634799999999998	-57.040700000000001	Southeast	86
213	Purdy\\, Zieme and O'Kon	http://placeimg.com/640/480/city	Avon	East Bridgette	76350	014 Lubowitz Dale	Suite 145	72.888199999999998	-120.0523	Southwest	27
214	Schamberger - Crona	http://placeimg.com/640/480/city	Avon	Sandy Springs	26032	603 Gabrielle Turnpike	Suite 959	19.273	164.96129999999999	North	35
215	Mante\\, Ondricka and Schuppe	http://placeimg.com/640/480/city	Cambridgeshire	Krajcikchester	33242-7251	7458 Weldon Land	Suite 937	-69.625900000000001	11.786300000000001	Southeast	8
216	Kunze - Gulgowski	http://placeimg.com/640/480/city	Buckinghamshire	Enolaton	16489	7584 Hackett Pines	Suite 020	-17.936199999999999	-111.9813	East	64
217	Nikolaus - Ziemann	http://placeimg.com/640/480/city	Berkshire	East Jefferyport	45421-8941	5321 McClure Villages	Apt. 670	-23.964099999999998	0.1116	Northwest	86
218	Rau and Sons	http://placeimg.com/640/480/city	Borders	Port Zachary	41492-8359	385 Schimmel Ramp	Apt. 660	47.583100000000002	84.797200000000004	Northeast	32
219	Kunde\\, Willms and Walsh	http://placeimg.com/640/480/city	Cambridgeshire	Merced	88555	4068 Larson Fields	Suite 587	-43.027200000000001	-66.987300000000005	East	8
220	Metz - Jakubowski	http://placeimg.com/640/480/city	Bedfordshire	Port Jamartown	42844	338 Lamar Avenue	Apt. 628	-12.0624	164.11670000000001	West	2
221	Jast Inc	http://placeimg.com/640/480/city	Borders	Jerdeville	47207-1690	708 Terrill Light	Suite 349	30.511399999999998	-119.753	Northeast	51
222	Fadel - Graham	http://placeimg.com/640/480/city	Bedfordshire	Lake Edenmouth	70150	405 Bednar Track	Suite 055	41.966799999999999	-62.612200000000001	South	46
223	Bruen\\, Jast and Casper	http://placeimg.com/640/480/city	Avon	Bednarfort	33890-0606	763 Obie Oval	Suite 502	-33.641599999999997	-124.91160000000001	East	36
224	Wilderman Group	http://placeimg.com/640/480/city	Berkshire	Mannberg	93854-6881	90145 Asa Route	Suite 052	-32.605600000000003	-30.376899999999999	Southeast	65
225	Hintz Inc	http://placeimg.com/640/480/city	Bedfordshire	East Bufordmouth	87053-9932	46884 Hills Inlet	Suite 916	53.279400000000003	-76.117199999999997	North	19
226	Erdman - Grant	http://placeimg.com/640/480/city	Avon	West Antoinettechester	76413-8282	89457 Smitham Rapids	Suite 514	-68.411000000000001	94.396199999999993	North	61
227	Bergnaum - Graham	http://placeimg.com/640/480/city	Borders	Corona	71129	0197 Dante Mills	Apt. 327	60.099499999999999	-28.262	Southeast	31
228	Mante - Walker	http://placeimg.com/640/480/city	Bedfordshire	Stratford	61677-0811	48467 Alfred Fall	Suite 498	-57.764600000000002	-31.918299999999999	East	88
229	Stokes - Rogahn	http://placeimg.com/640/480/city	Cambridgeshire	East Ottis	51083	7850 Jody Square	Apt. 211	75.845100000000002	136.16489999999999	South	22
230	Crist\\, Medhurst and Herzog	http://placeimg.com/640/480/city	Berkshire	Placentia	81481	484 Tito Alley	Apt. 131	51.361400000000003	22.726700000000001	Northwest	87
231	Hoeger\\, Cassin and Gerhold	http://placeimg.com/640/480/city	Buckinghamshire	Rosalynstad	88655-5232	208 Rempel Common	Apt. 461	70.287700000000001	14.872	South	53
232	Franecki and Sons	http://placeimg.com/640/480/city	Buckinghamshire	East Berniecestad	45953-0918	555 Jacobson Causeway	Suite 221	-9.3400999999999996	-63.755600000000001	Southeast	23
233	Baumbach\\, Stanton and Lesch	http://placeimg.com/640/480/city	Bedfordshire	Jayfort	10496	1587 Schaefer Plain	Apt. 222	-67.586600000000004	22.844799999999999	Southwest	43
234	Roberts\\, Von and Runolfsson	http://placeimg.com/640/480/city	Avon	Fort Pierce	62985-8366	01269 Willms Haven	Apt. 875	-83.260599999999997	34.325699999999998	Southeast	12
235	Treutel\\, O'Reilly and Huel	http://placeimg.com/640/480/city	Avon	Port Maxland	37244	3124 Hoeger Drive	Apt. 463	-2.351	-88.349999999999994	Southwest	2
236	Bode - Waelchi	http://placeimg.com/640/480/city	Buckinghamshire	Bogantown	41775-9994	33577 Zulauf Alley	Suite 299	62.072600000000001	-97.123900000000006	Southwest	46
237	Greenfelder - Feil	http://placeimg.com/640/480/city	Cambridgeshire	Freidahaven	98766-2930	7500 Adams Isle	Apt. 955	7.0030999999999999	-81.851699999999994	East	59
238	Casper Group	http://placeimg.com/640/480/city	Berkshire	Yundtburgh	43170-3838	9672 Jade Fords	Suite 495	-72.729699999999994	9.6806999999999999	Southeast	19
239	Prosacco - West	http://placeimg.com/640/480/city	Borders	Enid	77159	056 Oberbrunner Estate	Apt. 817	-81.211600000000004	-71.592799999999997	Southeast	72
240	Bergstrom\\, Weimann and Tillman	http://placeimg.com/640/480/city	Buckinghamshire	Mireyachester	18534	56343 Claude Prairie	Suite 606	-80.038899999999998	8.2195	Northwest	88
241	McClure - Willms	http://placeimg.com/640/480/city	Bedfordshire	Kieranstad	51384-7566	2367 Kub Square	Suite 669	5.1196000000000002	-78.640699999999995	Northwest	27
242	Osinski Inc	http://placeimg.com/640/480/city	Cambridgeshire	Port Chelsea	58037	54165 Assunta Mews	Suite 907	50.104500000000002	-89.895399999999995	Southeast	18
243	Gottlieb\\, Sauer and Stokes	http://placeimg.com/640/480/city	Berkshire	Lynwood	75370	397 Adell Pass	Apt. 969	-80.877300000000005	94.652900000000002	East	21
244	Lindgren - Willms	http://placeimg.com/640/480/city	Borders	Kenner	49720-5917	2783 Legros Courts	Apt. 828	-70.545100000000005	67.298599999999993	West	72
245	Crona\\, Smith and Franecki	http://placeimg.com/640/480/city	Bedfordshire	New Connerberg	57745	89010 Bailey Cliff	Suite 604	37.249899999999997	158.81270000000001	West	97
246	Koepp\\, Little and Emard	http://placeimg.com/640/480/city	Borders	Rancho Santa Margarita	09486-6798	3620 Jettie Bridge	Suite 869	51.113300000000002	138.4717	South	85
247	Crona Inc	http://placeimg.com/640/480/city	Berkshire	Sigurdfurt	46753	18964 Max Tunnel	Suite 778	57.4435	35.193399999999997	East	58
248	Hackett\\, Schulist and McCullough	http://placeimg.com/640/480/city	Cambridgeshire	Port Kathleen	31763-0830	0155 Muriel Streets	Apt. 098	82.532899999999998	31.567399999999999	South	2
249	Stokes - Sipes	http://placeimg.com/640/480/city	Berkshire	East Denis	40855	716 Jamison Camp	Suite 306	51.210099999999997	177.6028	North	62
250	Dare and Sons	http://placeimg.com/640/480/city	Avon	Arlington	82685-9174	522 Skyla Tunnel	Apt. 570	-68.786799999999999	-138.57499999999999	Northeast	73
251	Hills Group	http://placeimg.com/640/480/city	Buckinghamshire	Joliefurt	42113-0520	311 Cora Square	Suite 342	-53.874400000000001	-166.89150000000001	Southeast	22
252	Shanahan\\, Thiel and Quigley	http://placeimg.com/640/480/city	Cambridgeshire	West Kristina	43514-0586	88346 Daugherty Tunnel	Suite 568	43.993299999999998	133.21180000000001	Northwest	86
253	Skiles LLC	http://placeimg.com/640/480/city	Berkshire	Albinaville	32663	551 Selmer Trail	Apt. 532	-21.8005	56.6175	East	22
254	Bauch Inc	http://placeimg.com/640/480/city	Avon	East Derrickton	12325	905 Bradtke Mall	Apt. 536	-88.063699999999997	-136.1935	Southeast	75
255	Lakin - Gislason	http://placeimg.com/640/480/city	Cambridgeshire	Concord	81979-6109	60028 Ari Spur	Apt. 171	74.585999999999999	77.305400000000006	South	29
256	Crooks - Hammes	http://placeimg.com/640/480/city	Bedfordshire	Bel Air South	23408	230 Lou Dale	Apt. 054	32.421599999999998	-150.1797	Northwest	42
257	Schultz\\, Johnson and Harris	http://placeimg.com/640/480/city	Bedfordshire	West Sonny	88082-9266	9887 Beatty Mall	Apt. 679	-42.730600000000003	87.189700000000002	Southeast	14
258	Goldner Inc	http://placeimg.com/640/480/city	Bedfordshire	Charlotteborough	57770-3081	39198 Schoen Turnpike	Suite 806	-51.334299999999999	99.055400000000006	South	46
259	Harber\\, Yundt and Kutch	http://placeimg.com/640/480/city	Avon	Plano	11287	8889 Lind Stream	Apt. 845	-27.6035	-147.58320000000001	Southwest	32
260	Kohler\\, Gottlieb and Beer	http://placeimg.com/640/480/city	Buckinghamshire	Bobbieburgh	86801-8306	83183 Stacey Springs	Suite 383	81.900999999999996	-134.61199999999999	South	73
261	McCullough\\, Durgan and Rowe	http://placeimg.com/640/480/city	Bedfordshire	Metaland	28759-5484	9070 Kozey Falls	Suite 861	67.086799999999997	-1.4730000000000001	South	39
262	Ruecker - Sawayn	http://placeimg.com/640/480/city	Buckinghamshire	Tianafort	80927-9009	581 Schamberger Cliff	Suite 139	-30.044899999999998	131.02019999999999	Southeast	83
263	Homenick\\, Considine and Marvin	http://placeimg.com/640/480/city	Avon	Mabelfort	06875	14798 Jasmin Dam	Apt. 223	19.6615	-9.1198999999999995	South	34
264	Hills and Sons	http://placeimg.com/640/480/city	Borders	Pflugerville	88981	4287 Hudson Union	Suite 455	-34.672499999999999	-42.365600000000001	Northwest	89
265	Stokes Group	http://placeimg.com/640/480/city	Borders	Hillstown	78650	72703 Hillard Gateway	Apt. 540	54.267699999999998	-30.853300000000001	Southeast	14
266	Hintz\\, Zieme and White	http://placeimg.com/640/480/city	Berkshire	South Tryciaberg	57168-4657	7832 VonRueden Drive	Apt. 917	54.0884	3.1389	Southeast	45
267	Fadel - Tillman	http://placeimg.com/640/480/city	Avon	Candelarioville	47853-4247	9835 Marks Glen	Suite 363	49.348500000000001	-1.4257	Southwest	17
268	Considine\\, Jacobi and Baumbach	http://placeimg.com/640/480/city	Berkshire	Mosciskishire	85031	0346 Baylee Causeway	Apt. 847	83.022599999999997	157.1337	South	77
269	Fay\\, Bayer and Miller	http://placeimg.com/640/480/city	Berkshire	Lake Assunta	49394-0893	26467 Crist Drives	Suite 001	-29.203399999999998	87.717200000000005	Southwest	65
270	Bruen - Larson	http://placeimg.com/640/480/city	Borders	North Leila	44352	366 Rosalind Junction	Suite 174	61.4895	166.23689999999999	Northeast	36
271	Veum Inc	http://placeimg.com/640/480/city	Berkshire	Glenniemouth	94723	07617 Schmidt Tunnel	Suite 745	-67.655699999999996	120.46169999999999	Southeast	95
272	Morar Inc	http://placeimg.com/640/480/city	Borders	Fernandoborough	06184	850 Douglas Field	Suite 407	-28.8977	37.0122	Northwest	4
273	White\\, Marquardt and Cummings	http://placeimg.com/640/480/city	Berkshire	Reillybury	60821-5092	1533 Bode Fords	Suite 877	-52.356000000000002	-117.9152	East	57
274	Smith Inc	http://placeimg.com/640/480/city	Bedfordshire	Murfreesboro	91199-1197	1206 Nora Fields	Suite 929	9.9634	60.702100000000002	Southeast	82
275	Bahringer - Spinka	http://placeimg.com/640/480/city	Berkshire	Kearny	71826	401 Dibbert Walk	Apt. 889	-72.650300000000001	144.95750000000001	Southeast	83
276	Hamill - Jacobi	http://placeimg.com/640/480/city	Bedfordshire	Albertofort	04320	076 Quitzon Branch	Suite 792	-70.588899999999995	-84.884399999999999	West	80
277	Abshire\\, Lindgren and Runolfsdottir	http://placeimg.com/640/480/city	Buckinghamshire	Elodyside	75565-1109	12373 Verlie Extension	Suite 634	-85.4589	88.129099999999994	West	22
278	Schaden\\, Ruecker and Mitchell	http://placeimg.com/640/480/city	Bedfordshire	North Hoytberg	95151-0670	9940 Ashlynn Crest	Suite 786	-74.956000000000003	-9.8309999999999995	Southwest	49
279	Cartwright - Kuvalis	http://placeimg.com/640/480/city	Berkshire	East Marcmouth	31922-0916	43657 Gislason Falls	Apt. 062	49.403399999999998	-21.5276	Northeast	33
280	Thompson LLC	http://placeimg.com/640/480/city	Borders	North Luigiport	08709-1508	7448 Baumbach Canyon	Apt. 930	-83.055099999999996	-34.393000000000001	Southwest	64
281	Deckow - Morissette	http://placeimg.com/640/480/city	Bedfordshire	Alisastad	67461-3800	4558 Jimmy Court	Suite 898	-10.863799999999999	-49.612900000000003	Northeast	90
282	Stroman - Toy	http://placeimg.com/640/480/city	Cambridgeshire	Lansing	36990	117 Eddie Ridges	Apt. 677	-39.256500000000003	-90.700299999999999	South	78
283	West - Corwin	http://placeimg.com/640/480/city	Berkshire	Leschland	22815-8259	181 Gavin Fields	Suite 431	-83.096699999999998	-92.881699999999995	South	73
284	Will Group	http://placeimg.com/640/480/city	Cambridgeshire	Diamondstad	94399-1795	9938 Dashawn Way	Apt. 562	28.116900000000001	-55.614699999999999	Southwest	22
285	Russel\\, Luettgen and Kulas	http://placeimg.com/640/480/city	Borders	North Brycen	48656	975 Sanford Radial	Apt. 332	17.901299999999999	15.9269	South	57
286	Kuhlman - Jacobi	http://placeimg.com/640/480/city	Bedfordshire	Walterfort	97378	3567 Franecki Ville	Apt. 896	-73.148799999999994	21.0307	West	87
287	Macejkovic\\, Gleason and Koch	http://placeimg.com/640/480/city	Bedfordshire	Schuppeville	97665	1571 Barton Stravenue	Apt. 720	19.771599999999999	72.180300000000003	Northwest	63
288	Grimes LLC	http://placeimg.com/640/480/city	Buckinghamshire	Lake Kaycee	24733	468 Dicki Crossroad	Suite 689	31.030200000000001	68.8827	South	61
289	Bartoletti and Sons	http://placeimg.com/640/480/city	Bedfordshire	Marysville	45693	62201 Cathrine Corners	Apt. 939	-81.857299999999995	13.7056	North	58
290	MacGyver Inc	http://placeimg.com/640/480/city	Cambridgeshire	New Kalebtown	92488	3120 Marlene Light	Apt. 096	-54.348999999999997	108.3616	Northeast	64
291	Lang Inc	http://placeimg.com/640/480/city	Buckinghamshire	Arlington Heights	63166-9582	63540 Lubowitz Meadows	Apt. 260	-4.0663999999999998	151.1558	South	49
292	Purdy\\, Friesen and Lubowitz	http://placeimg.com/640/480/city	Berkshire	Lake Fabian	01577	76278 Kuhlman Ports	Suite 952	-11.1259	-166.8074	West	79
293	Ziemann and Sons	http://placeimg.com/640/480/city	Bedfordshire	South Terranceside	42234-8134	710 Kellen Estates	Apt. 879	-3.5907	71.751099999999994	East	96
294	Braun\\, Schiller and Cremin	http://placeimg.com/640/480/city	Cambridgeshire	Grand Rapids	47769-2875	335 Judson Fall	Suite 593	-55.251600000000003	162.791	Southwest	60
295	Crooks\\, Nitzsche and Bauch	http://placeimg.com/640/480/city	Bedfordshire	Caguas	70043	856 Gerlach Wall	Apt. 187	70.606200000000001	164.0453	Southeast	78
296	Kohler\\, Kunde and Mraz	http://placeimg.com/640/480/city	Avon	Erdmanstad	44297	8846 Macie Summit	Apt. 977	33.195099999999996	10.857799999999999	West	31
297	Grady Inc	http://placeimg.com/640/480/city	Buckinghamshire	West Orahaven	78759-6333	4253 Watsica Loaf	Apt. 912	65.933199999999999	157.93790000000001	North	7
298	Kassulke\\, Ward and Lowe	http://placeimg.com/640/480/city	Avon	Lake Francisco	25457	517 Davis Knoll	Suite 124	42.166400000000003	-133.55449999999999	Southwest	97
299	Hane\\, Emard and Denesik	http://placeimg.com/640/480/city	Bedfordshire	West Hartford	20735-7139	43623 Lance Shoals	Suite 509	-84.764099999999999	-177.167	Northwest	3
300	Wyman\\, Collins and VonRueden	http://placeimg.com/640/480/city	Berkshire	Westland	25189-0523	325 Jose Estate	Suite 288	18.876300000000001	-63.768099999999997	South	67
301	Hintz - Miller	http://placeimg.com/640/480/city	Buckinghamshire	Port Linafort	63180	9292 Dach Corner	Apt. 550	76.052300000000002	-95.331299999999999	Northeast	52
302	Trantow\\, Sawayn and Legros	http://placeimg.com/640/480/city	Cambridgeshire	Demondshire	48010	1392 Noemie Coves	Apt. 907	-61.168599999999998	149.0599	West	49
303	Gottlieb\\, Hickle and Schamberger	http://placeimg.com/640/480/city	Berkshire	Lodi	03557	128 Mohr Shoals	Suite 941	1.9027000000000001	0.38369999999999999	East	67
304	Friesen\\, Okuneva and Kovacek	http://placeimg.com/640/480/city	Buckinghamshire	East Wymanmouth	24915-0538	173 Thiel Oval	Apt. 870	55.218200000000003	-153.16329999999999	North	21
305	Sawayn and Sons	http://placeimg.com/640/480/city	Cambridgeshire	Loweville	31689	49447 Cartwright Cape	Suite 963	-39.315899999999999	-136.6183	North	21
306	Olson\\, Stroman and Durgan	http://placeimg.com/640/480/city	Bedfordshire	Schmitttown	77261	96357 Ayden Circles	Suite 549	80.507099999999994	-150.03319999999999	Southwest	91
307	Langworth - Predovic	http://placeimg.com/640/480/city	Berkshire	Fargo	31080	46463 Adams Ramp	Suite 782	20.971599999999999	-119.3847	Southeast	38
308	Fritsch Group	http://placeimg.com/640/480/city	Buckinghamshire	Lake Noah	88818	6251 Connelly Ports	Apt. 907	-38.006	-97.936700000000002	West	4
309	Hoeger - Emmerich	http://placeimg.com/640/480/city	Avon	Edina	55523-7710	95055 Halvorson Ville	Apt. 566	2.7290000000000001	177.92449999999999	Southeast	65
310	Kunze and Sons	http://placeimg.com/640/480/city	Avon	East Emiliano	77868	673 Marcelo Stream	Apt. 816	-56.427399999999999	-116.5921	South	52
401	Grady - Bauch	http://placeimg.com/640/480/city	Borders	Marlenville	97765	230 Tess Loop	Apt. 117	86.967299999999994	-1.2666999999999999	Southwest	21
311	Buckridge - Goodwin	http://placeimg.com/640/480/city	Buckinghamshire	Schultzfort	47393	98906 Reichel Mount	Suite 634	-55.452599999999997	-158.7253	North	19
312	Franecki - Schumm	http://placeimg.com/640/480/city	Avon	Mullerchester	88390-2737	40041 Era Prairie	Apt. 734	86.209999999999994	-8.2596000000000007	South	19
313	Pollich\\, Zboncak and Koelpin	http://placeimg.com/640/480/city	Buckinghamshire	West Caleighfurt	11231	3233 Brown Roads	Apt. 293	81.974900000000005	-126.568	South	46
314	Homenick - Predovic	http://placeimg.com/640/480/city	Buckinghamshire	Korbinport	91621-0504	842 Koepp Pass	Apt. 833	10.226000000000001	122.2473	North	80
315	Grant Inc	http://placeimg.com/640/480/city	Buckinghamshire	Lake Aliyaview	25251-3187	90019 Bednar Haven	Apt. 854	-33.2166	11.600099999999999	Southwest	68
316	Huels LLC	http://placeimg.com/640/480/city	Avon	Santinoborough	63696	311 Brennan Estate	Apt. 872	-3.5789	-140.62039999999999	Southwest	54
317	Mueller - Wyman	http://placeimg.com/640/480/city	Buckinghamshire	Heatherton	99518	4826 Allison Stream	Apt. 645	-65.351600000000005	-115.8237	West	16
318	Roberts\\, Reinger and Kshlerin	http://placeimg.com/640/480/city	Buckinghamshire	Avisberg	88030-9338	7564 Bartoletti Way	Apt. 623	44.751800000000003	-160.77029999999999	Southeast	88
319	Aufderhar Group	http://placeimg.com/640/480/city	Cambridgeshire	Florin	93303-0809	6318 Elisabeth Union	Apt. 617	-76.622799999999998	-20.791899999999998	Southwest	47
320	Okuneva and Sons	http://placeimg.com/640/480/city	Berkshire	Krajcikmouth	64734	605 Lesch Hollow	Apt. 747	9.1266999999999996	55.758099999999999	North	73
321	Bernhard\\, Rice and Herzog	http://placeimg.com/640/480/city	Buckinghamshire	Springfield	10932-8185	93247 Ullrich Land	Apt. 614	-0.14199999999999999	-150.22710000000001	Northwest	51
322	Barrows - Bradtke	http://placeimg.com/640/480/city	Cambridgeshire	North Leola	45545	024 Susan Meadow	Suite 027	78.8215	146.46629999999999	Southeast	12
323	Paucek - Pfannerstill	http://placeimg.com/640/480/city	Borders	Mayertstad	33352	41154 Botsford Lake	Apt. 858	-53.277099999999997	-10.4459	Northwest	65
324	Crist and Sons	http://placeimg.com/640/480/city	Bedfordshire	Fontana	29889-9601	7546 Wisoky Ville	Suite 639	-27.882300000000001	-102.01949999999999	North	41
325	Runte Inc	http://placeimg.com/640/480/city	Avon	Ahmadville	63141-4233	30377 Terrell Crossing	Apt. 203	7.9385000000000003	-152.803	North	27
326	Ernser - Kulas	http://placeimg.com/640/480/city	Buckinghamshire	Stewartfort	58618-4925	1694 Caleigh Ways	Apt. 742	-2.3452000000000002	-48.827300000000001	Northeast	63
327	Heller - Gibson	http://placeimg.com/640/480/city	Berkshire	Vonfurt	11170	37548 Lang Camp	Suite 556	7.2774999999999999	127.87609999999999	North	40
328	Donnelly\\, Little and Kerluke	http://placeimg.com/640/480/city	Buckinghamshire	Murfreesboro	79545-5640	38177 Franecki Point	Apt. 825	56.697600000000001	66.5351	East	59
329	Morar\\, Frami and D'Amore	http://placeimg.com/640/480/city	Berkshire	Littelhaven	09972-7731	633 Lind View	Suite 026	-22.707999999999998	-29.024999999999999	West	74
330	Ebert - Fahey	http://placeimg.com/640/480/city	Avon	Baton Rouge	81393	17766 Brown Avenue	Suite 887	42.612499999999997	163.6267	Southwest	34
331	Ward - Fay	http://placeimg.com/640/480/city	Berkshire	Cummingsborough	28561	1026 Little Branch	Apt. 605	53.684899999999999	-58.045400000000001	Northwest	18
332	Rau\\, Schiller and Turner	http://placeimg.com/640/480/city	Buckinghamshire	Jerdeport	19325-9730	58774 Hills Via	Suite 063	33.392299999999999	-62.687899999999999	North	83
333	Osinski LLC	http://placeimg.com/640/480/city	Buckinghamshire	East Angusshire	69022	57111 Kuvalis Turnpike	Apt. 092	-65.179000000000002	-116.5947	North	61
334	Quitzon Group	http://placeimg.com/640/480/city	Cambridgeshire	Rogahnport	88029	329 Claudia Village	Apt. 703	-56.174700000000001	7.1864999999999997	Northwest	20
335	Ebert\\, Grady and Wehner	http://placeimg.com/640/480/city	Berkshire	Eldridgemouth	08005-1149	9891 Camila Lights	Apt. 338	6.7361000000000004	-111.4845	Southwest	63
336	Kunze - Botsford	http://placeimg.com/640/480/city	Bedfordshire	New Markland	89884	82612 Rolfson Roads	Apt. 965	-75.136899999999997	-32.248199999999997	East	4
337	O'Keefe - Bashirian	http://placeimg.com/640/480/city	Avon	Serenitytown	71074-1475	4822 Bergnaum Path	Apt. 073	26.8781	1.8996	East	61
338	Upton\\, Crist and Block	http://placeimg.com/640/480/city	Bedfordshire	Rodport	66362-3635	306 Lind Common	Suite 236	-41.2376	24.6662	West	68
339	Tillman\\, Kassulke and Bartoletti	http://placeimg.com/640/480/city	Borders	Casper	91791-3163	63014 Herbert Vista	Apt. 147	-24.957799999999999	-37.757599999999996	South	54
340	Casper Group	http://placeimg.com/640/480/city	Cambridgeshire	Herminiaport	53428	831 Langworth Forges	Suite 510	-25.637799999999999	-82.211299999999994	Southeast	99
341	Friesen - Roob	http://placeimg.com/640/480/city	Borders	Port Jody	24231	986 Joey Common	Suite 932	-36.886400000000002	-146.55779999999999	Northeast	19
342	Hauck Inc	http://placeimg.com/640/480/city	Bedfordshire	South Rey	50961	144 Dolly Plaza	Apt. 665	26.659600000000001	159.34309999999999	North	70
343	Stark - Homenick	http://placeimg.com/640/480/city	Berkshire	Kochborough	56151	42232 Koch Squares	Apt. 702	14.6334	164.64660000000001	South	46
344	Beatty - Doyle	http://placeimg.com/640/480/city	Buckinghamshire	Efrenburgh	89377-3340	841 Andrew Path	Suite 826	20.231400000000001	97.760000000000005	Southwest	89
345	West\\, Towne and Jast	http://placeimg.com/640/480/city	Berkshire	Connfurt	96732	1163 Edgar Squares	Suite 949	-57.303199999999997	126.6738	North	18
346	Quigley Inc	http://placeimg.com/640/480/city	Cambridgeshire	Downey	63584-3034	5419 Stracke Springs	Apt. 473	-19.209900000000001	-161.00239999999999	Southwest	40
347	Murazik and Sons	http://placeimg.com/640/480/city	Bedfordshire	West Titus	58974	26252 Fritsch Crossroad	Apt. 544	39.117899999999999	-49.243899999999996	West	79
348	McLaughlin LLC	http://placeimg.com/640/480/city	Berkshire	New Bradychester	63281	401 Stracke Highway	Suite 455	-58.174999999999997	45.840200000000003	East	100
349	Sauer Group	http://placeimg.com/640/480/city	Borders	North Juanita	27703	4212 Lera Ports	Suite 246	-72.158199999999994	6.2994000000000003	Northwest	56
350	Pollich\\, Gaylord and Sauer	http://placeimg.com/640/480/city	Cambridgeshire	East Myrtiestad	95474-8252	19696 Zemlak Station	Apt. 675	-14.5341	10.513199999999999	South	91
351	Prohaska\\, Jakubowski and Anderson	http://placeimg.com/640/480/city	Buckinghamshire	Pasadena	30661-0420	411 Wuckert Overpass	Suite 632	-67.165300000000002	37.795400000000001	North	21
352	King\\, White and Feil	http://placeimg.com/640/480/city	Avon	Charleston	51865	7772 Sharon Neck	Apt. 960	78.569699999999997	-166.79249999999999	South	5
353	Wehner Group	http://placeimg.com/640/480/city	Bedfordshire	North Alfview	93080-1332	390 Cormier Pine	Suite 032	83.913600000000002	-63.159599999999998	East	63
354	Ankunding - Heaney	http://placeimg.com/640/480/city	Avon	Carson	91037-5226	0398 Eliezer River	Suite 653	-21.922799999999999	50.026000000000003	West	46
355	Block and Sons	http://placeimg.com/640/480/city	Cambridgeshire	Harbertown	03316-0521	7990 Tillman Row	Suite 175	-58.658200000000001	148.875	West	2
356	Spinka\\, McCullough and McCullough	http://placeimg.com/640/480/city	Buckinghamshire	South Natasha	18452	737 Edwina Glen	Apt. 239	49.948	46.962800000000001	Northwest	97
357	Durgan\\, Kunze and Stark	http://placeimg.com/640/480/city	Buckinghamshire	Lake Werner	58553-3381	542 Lorenza Estates	Apt. 787	-34.591500000000003	-91.746600000000001	Southeast	89
358	Mills Inc	http://placeimg.com/640/480/city	Buckinghamshire	West Alvah	86341	496 Norberto Field	Suite 987	88.111900000000006	49.154000000000003	Northeast	85
359	Wuckert\\, Jacobs and Nikolaus	http://placeimg.com/640/480/city	Borders	Hartford	91864	4072 Bernard Rue	Apt. 581	-10.8772	-137.8492	Northwest	34
360	Bartoletti\\, Leannon and Trantow	http://placeimg.com/640/480/city	Avon	Plainfield	59219	45098 German Wall	Apt. 304	-85.994399999999999	1.0204	West	21
361	Raynor\\, Crooks and Connelly	http://placeimg.com/640/480/city	Borders	West Tayastad	30372	37205 Elyssa Inlet	Suite 961	-10.6012	-160.10740000000001	Northeast	19
362	Bogan LLC	http://placeimg.com/640/480/city	Cambridgeshire	Gussieside	09615-4373	4452 Christ Ford	Suite 428	-70.296599999999998	36.212600000000002	Northwest	28
363	Kshlerin\\, Miller and Denesik	http://placeimg.com/640/480/city	Avon	West Julien	92513-3157	83016 Robel Radial	Suite 458	-6.6997999999999998	13.112	Southwest	97
364	Simonis\\, Durgan and Kuphal	http://placeimg.com/640/480/city	Avon	Stoltenbergside	33316-9230	55107 Johnson Mountains	Apt. 944	36.6021	113.0929	North	96
365	Harvey - Hickle	http://placeimg.com/640/480/city	Cambridgeshire	Gilbertomouth	75143	24396 Smitham Hollow	Suite 677	-59.278500000000001	-98.525599999999997	Southeast	53
366	McCullough LLC	http://placeimg.com/640/480/city	Avon	Hollywood	04487-3836	663 Huel Summit	Apt. 504	49.661000000000001	151.01519999999999	Northwest	17
367	Rosenbaum LLC	http://placeimg.com/640/480/city	Berkshire	North Johnson	43522-9096	525 King Groves	Apt. 499	1.2836000000000001	50.705300000000001	Northwest	18
368	Paucek\\, Cremin and Torp	http://placeimg.com/640/480/city	Cambridgeshire	Gilbert	88078	13597 Lou Greens	Apt. 410	75.413200000000003	165.3415	East	24
369	Sanford\\, Cremin and Wehner	http://placeimg.com/640/480/city	Cambridgeshire	Lake Kimview	47014-6649	56747 Bednar Trail	Suite 225	70.693600000000004	55.204900000000002	South	17
370	Davis\\, Schinner and Gutmann	http://placeimg.com/640/480/city	Avon	East Diannaview	59709	501 Armstrong Fork	Apt. 529	0.060600000000000001	-37.189700000000002	East	63
371	McLaughlin - Kuhn	http://placeimg.com/640/480/city	Bedfordshire	Pocatello	20934-4381	141 Gianni Wells	Apt. 648	88.614800000000002	54.033000000000001	East	49
372	D'Amore - Maggio	http://placeimg.com/640/480/city	Buckinghamshire	Palmdale	21859-0589	23801 Hahn Islands	Suite 250	29.352799999999998	-27.195399999999999	South	68
373	Durgan - McDermott	http://placeimg.com/640/480/city	Berkshire	Columbus	41095	423 Darien Overpass	Suite 215	28.8887	-25.562000000000001	Northeast	74
374	Marquardt\\, Kilback and Beer	http://placeimg.com/640/480/city	Avon	North Edyth	13602-0387	29021 Terrence Overpass	Apt. 473	44.082900000000002	49.248600000000003	Northwest	6
375	Toy\\, Kling and Botsford	http://placeimg.com/640/480/city	Avon	Lake Mckenziefort	40533	416 Prohaska Harbors	Apt. 479	69.523200000000003	141.48660000000001	South	29
376	Tillman LLC	http://placeimg.com/640/480/city	Buckinghamshire	Jazmynestad	21413-9989	7479 Danial Centers	Suite 895	43.264099999999999	-106.6031	South	35
377	Marks Group	http://placeimg.com/640/480/city	Bedfordshire	Kellyburgh	95360-7387	97933 Eliezer Gateway	Suite 485	84.6935	-124.28440000000001	Southeast	91
378	Rippin - Robel	http://placeimg.com/640/480/city	Buckinghamshire	Rauton	66194-8607	40219 Sheridan Falls	Apt. 768	28.466200000000001	-110.9365	West	17
379	Jones - Gulgowski	http://placeimg.com/640/480/city	Berkshire	Port Margie	37077-9949	417 Rebeca Spurs	Suite 847	-14.228199999999999	46.721499999999999	South	54
380	Kshlerin - Wilderman	http://placeimg.com/640/480/city	Cambridgeshire	Waelchiside	70123	1388 Langworth Road	Apt. 988	-54.5045	66.747500000000002	East	58
381	Marks\\, Beahan and VonRueden	http://placeimg.com/640/480/city	Bedfordshire	Sandy Springs	59805	65918 Sarah Pines	Apt. 941	-18.938099999999999	-82.331699999999998	South	39
382	Goyette LLC	http://placeimg.com/640/480/city	Borders	Brakusfort	30958	8841 Zoie Square	Apt. 801	-23.365100000000002	88.465999999999994	Northwest	51
383	Bergstrom - Gorczany	http://placeimg.com/640/480/city	Borders	West Remingtonhaven	87799-3450	39362 Bradtke Station	Suite 612	-79.876499999999993	74.289599999999993	Northeast	60
384	Morar Inc	http://placeimg.com/640/480/city	Avon	Minot	49556-0480	9079 Kilback Corner	Apt. 559	-8.2989999999999995	177.82210000000001	Northwest	22
385	Mosciski - Stokes	http://placeimg.com/640/480/city	Buckinghamshire	Yostland	41138	10687 Jones Manor	Suite 116	54.577500000000001	-7.0856000000000003	Northwest	89
386	Howe Inc	http://placeimg.com/640/480/city	Avon	Port Danielamouth	89429	4166 Shaylee Ports	Suite 595	-15.3033	-40.867400000000004	West	75
387	Pouros - Paucek	http://placeimg.com/640/480/city	Cambridgeshire	Walkershire	30859-2169	925 Adah Rest	Apt. 226	-13.129	-56.552700000000002	Southwest	12
388	Parisian - O'Kon	http://placeimg.com/640/480/city	Berkshire	South Julian	47791	748 Murphy Divide	Apt. 187	68.648399999999995	-129.8117	North	23
389	Herzog - Schowalter	http://placeimg.com/640/480/city	Avon	North Kevin	47372	44269 Jamar Mount	Suite 998	-24.203900000000001	-73.106300000000005	Northwest	32
390	Morar Group	http://placeimg.com/640/480/city	Cambridgeshire	New Marcel	15701-9995	6697 Barrows Mountain	Suite 622	5.2289000000000003	77.241399999999999	Northeast	85
391	Ondricka - Schimmel	http://placeimg.com/640/480/city	Berkshire	Abshireview	78106	957 Hills Turnpike	Suite 189	-78.286799999999999	13.3637	East	82
392	Wilderman Inc	http://placeimg.com/640/480/city	Borders	Victoria	13277-7078	0991 Wyman Stravenue	Suite 068	-13.2288	176.92189999999999	East	20
393	Stroman - Conroy	http://placeimg.com/640/480/city	Buckinghamshire	Halietown	72222	80472 Stiedemann Canyon	Suite 254	13.132099999999999	170.42230000000001	Northeast	99
394	Balistreri Group	http://placeimg.com/640/480/city	Borders	West Alanaport	76087-7403	64948 Hosea Cliffs	Suite 723	-3.8340000000000001	-5.4644000000000004	South	79
395	Walter LLC	http://placeimg.com/640/480/city	Berkshire	Kosstown	63718-8237	59971 Magnus Road	Suite 341	23.567499999999999	100.0457	South	98
396	Christiansen LLC	http://placeimg.com/640/480/city	Bedfordshire	Binsshire	77818	449 Raynor Dale	Suite 003	-46.770000000000003	-113.7899	East	31
397	Kovacek\\, Hahn and Emard	http://placeimg.com/640/480/city	Borders	Markmouth	12297	3057 Zena Mountain	Apt. 362	32.767899999999997	-20.335599999999999	East	10
398	Leffler Group	http://placeimg.com/640/480/city	Borders	Ritchieburgh	64836	701 Deckow Keys	Suite 982	56.4358	145.27289999999999	Southwest	76
399	Cronin Group	http://placeimg.com/640/480/city	Cambridgeshire	Centreville	69117-2408	410 Kub Ways	Apt. 821	41.800800000000002	60.559699999999999	Northwest	18
400	Ebert - Murphy	http://placeimg.com/640/480/city	Borders	Elnahaven	28157-7041	20657 Mraz Rapid	Suite 655	20.480399999999999	159.35669999999999	Northwest	17
402	Huel\\, Hammes and Erdman	http://placeimg.com/640/480/city	Cambridgeshire	Catonsville	11380	967 Kling Road	Apt. 065	-59.624299999999998	-141.12799999999999	Northwest	16
403	Goyette\\, Kuphal and Hilpert	http://placeimg.com/640/480/city	Borders	Citrus Heights	82587	367 Schultz Cliffs	Apt. 678	74.110600000000005	62.457000000000001	North	40
404	Streich - Reilly	http://placeimg.com/640/480/city	Borders	New Irvington	17619-1879	36597 Clementine Plains	Apt. 533	-47.884700000000002	-83.800399999999996	West	15
405	Gleason\\, Cummings and Kovacek	http://placeimg.com/640/480/city	Bedfordshire	South Theresechester	27013	19219 Okuneva Passage	Suite 817	-85.407499999999999	-130.2962	East	15
406	Hyatt\\, Bauch and Stracke	http://placeimg.com/640/480/city	Buckinghamshire	Wizastad	95944-7295	20565 Cassin Cliff	Suite 969	83.385400000000004	21.7927	East	85
407	Kemmer Inc	http://placeimg.com/640/480/city	Avon	Wilmamouth	26276-9162	78145 Reginald Hills	Suite 937	-77.618700000000004	172.93860000000001	Northeast	88
408	Sanford\\, Reynolds and Marks	http://placeimg.com/640/480/city	Berkshire	East Ewell	22173	74853 Durgan Hills	Suite 300	-75.718100000000007	-76.026700000000005	North	19
409	Ferry\\, Feest and Pfannerstill	http://placeimg.com/640/480/city	Cambridgeshire	Spinkashire	67538	43695 Renner Place	Suite 586	20.781700000000001	-110.2282	West	21
410	Streich\\, Gutkowski and Ledner	http://placeimg.com/640/480/city	Buckinghamshire	State College	78168	8628 Klein Keys	Suite 071	42.3889	20.985800000000001	Northeast	85
411	Casper\\, Hauck and O'Kon	http://placeimg.com/640/480/city	Borders	East Lomashire	71492-9120	442 Homenick Mission	Suite 105	34.124099999999999	53.034799999999997	Northwest	69
412	Hamill and Sons	http://placeimg.com/640/480/city	Avon	West Adalberto	29989-1208	6956 Nickolas Summit	Apt. 740	-36.816400000000002	17.931100000000001	North	23
413	Bergstrom and Sons	http://placeimg.com/640/480/city	Bedfordshire	Iowa City	90690-5629	72321 Matilde Plaza	Apt. 585	61.512500000000003	73.517300000000006	North	75
414	Wuckert Group	http://placeimg.com/640/480/city	Berkshire	Lake Garfieldmouth	32857-5764	585 Kole Fords	Suite 765	-45.7682	-23.935099999999998	West	34
415	Tromp - Nitzsche	http://placeimg.com/640/480/city	Avon	New Myrtiemouth	10553	37467 Noemi Street	Apt. 602	59.476300000000002	-91.176100000000005	East	83
416	Heller - Rolfson	http://placeimg.com/640/480/city	Buckinghamshire	New Jordymouth	36647-2047	003 Allison Ramp	Suite 741	-44.417299999999997	-22.488600000000002	Southwest	25
417	Mohr - Streich	http://placeimg.com/640/480/city	Avon	West Oswaldoborough	99355	24006 Leonel Oval	Apt. 106	-79.540899999999993	-150.9109	East	41
418	Dibbert Group	http://placeimg.com/640/480/city	Borders	East Christychester	38324	034 Lowe Lights	Apt. 655	-18.075299999999999	107.0051	Southeast	79
419	Bayer - Welch	http://placeimg.com/640/480/city	Berkshire	Irondequoit	52264-3526	5019 Vicky Fall	Apt. 162	-9.9716000000000005	-116.24769999999999	Southwest	12
420	Dare\\, Kovacek and Gibson	http://placeimg.com/640/480/city	Cambridgeshire	Desireefurt	94366	3663 Dovie Lane	Suite 262	40.636200000000002	139.018	North	69
421	Murazik - Toy	http://placeimg.com/640/480/city	Berkshire	Elzashire	00335-5323	90429 Bryon Crossroad	Apt. 882	14.636900000000001	30.872499999999999	East	53
422	Walker - Schuppe	http://placeimg.com/640/480/city	Berkshire	Beattyhaven	67857-4078	2133 Huels Unions	Suite 472	-81.990200000000002	120.3043	North	34
423	Huels\\, Prohaska and Stokes	http://placeimg.com/640/480/city	Cambridgeshire	Breitenbergfurt	49092	56540 Nicolas Tunnel	Apt. 055	61.418199999999999	-86.747799999999998	East	80
424	Nader - Stehr	http://placeimg.com/640/480/city	Berkshire	Greenholtburgh	02121	181 Hills Forge	Suite 529	-76.899299999999997	23.6983	East	79
425	Huel\\, Kovacek and Bradtke	http://placeimg.com/640/480/city	Avon	Grahamshire	57910-6481	3876 Runte Radial	Apt. 098	-6.5896999999999997	117.3629	Northeast	40
426	Kassulke\\, Witting and Welch	http://placeimg.com/640/480/city	Borders	Jupiter	70277-4176	347 Nitzsche Grove	Suite 074	-67.545100000000005	-149.3313	Northwest	79
427	Berge - Lemke	http://placeimg.com/640/480/city	Buckinghamshire	Considineside	90899-7264	414 Betsy Square	Apt. 537	-51.325299999999999	-106.73820000000001	West	72
428	Carroll\\, Glover and Howe	http://placeimg.com/640/480/city	Borders	New Pansyburgh	34666	848 Cierra Fall	Apt. 543	-4.8148	-58.5488	East	28
429	Wiza\\, Kuhlman and Erdman	http://placeimg.com/640/480/city	Bedfordshire	Mayaguez	25684-5594	0947 Paucek Park	Suite 830	80.2376	-9.7667000000000002	West	7
430	Smith - Muller	http://placeimg.com/640/480/city	Avon	Jakubowskiview	20519-6857	2414 Zieme Summit	Suite 673	73.909700000000001	-50.653300000000002	North	86
431	Turner - Wyman	http://placeimg.com/640/480/city	Buckinghamshire	West Aurore	27714	51698 Polly Centers	Suite 739	56.483899999999998	-122.8553	Northeast	29
432	Walker Inc	http://placeimg.com/640/480/city	Cambridgeshire	South Zelda	02353	1610 Hackett Valleys	Suite 888	-27.0471	163.00810000000001	Northwest	52
433	Walsh - D'Amore	http://placeimg.com/640/480/city	Bedfordshire	Marianaberg	98401-5982	99069 Jacobi Rapids	Suite 059	11.6465	-7.8925999999999998	South	64
434	Nitzsche\\, Boehm and Windler	http://placeimg.com/640/480/city	Avon	East Orlo	00909-0791	64639 Sebastian Highway	Apt. 041	-63.143000000000001	-12.32	Southeast	99
435	Rohan\\, Rosenbaum and Kiehn	http://placeimg.com/640/480/city	Borders	Jakubowskifort	66627	570 Elian Unions	Suite 776	10.542299999999999	-53.214799999999997	North	72
436	Jenkins\\, King and Senger	http://placeimg.com/640/480/city	Berkshire	Bartolettibury	22351	25564 Thompson Parks	Apt. 517	75.804599999999994	-31.311699999999998	South	35
437	Grant\\, Carter and Goldner	http://placeimg.com/640/480/city	Borders	Cheektowaga	91845-5522	36819 Katheryn Alley	Suite 748	-57.722499999999997	-127.1264	Northwest	83
438	Brown - Kilback	http://placeimg.com/640/480/city	Berkshire	East Lilianside	73376-5345	154 Damion Skyway	Apt. 414	4.5404999999999998	42.734900000000003	West	24
439	Heidenreich and Sons	http://placeimg.com/640/480/city	Bedfordshire	Amberborough	52676-9201	457 Marian Harbors	Suite 320	-8.8404000000000007	-156.19460000000001	East	83
440	Kunze LLC	http://placeimg.com/640/480/city	Borders	New Earl	95790-3700	0964 Abe Pass	Apt. 867	78.635300000000001	-94.204499999999996	West	27
441	Waters\\, Dietrich and Powlowski	http://placeimg.com/640/480/city	Berkshire	Steuberborough	90678	25393 Jude Rue	Apt. 294	-25.207100000000001	0.53580000000000005	Southeast	47
442	Trantow\\, Nitzsche and Torphy	http://placeimg.com/640/480/city	Buckinghamshire	South Tristian	25261	4519 Rowe Locks	Apt. 860	-77.335800000000006	97.980400000000003	Southwest	28
443	McGlynn - Bahringer	http://placeimg.com/640/480/city	Buckinghamshire	Arnefort	16461-3072	651 Feest Valleys	Suite 440	79.493300000000005	8.0094999999999992	South	68
444	Roob LLC	http://placeimg.com/640/480/city	Bedfordshire	Port Oran	71855	985 Cesar Crossroad	Suite 870	-57.981099999999998	-67.915400000000005	South	76
445	Kilback Inc	http://placeimg.com/640/480/city	Buckinghamshire	Port Hyman	68752	72457 Hermiston Crossroad	Apt. 162	-39.110300000000002	-25.383299999999998	North	85
446	Marvin LLC	http://placeimg.com/640/480/city	Borders	Huelfort	99287-0534	651 Moen Loaf	Suite 995	-74.965500000000006	152.2123	Northeast	15
447	Douglas - Terry	http://placeimg.com/640/480/city	Avon	Boscomouth	71796	9874 Braun Place	Apt. 629	73.6601	39.25	South	31
448	Hermann - Kulas	http://placeimg.com/640/480/city	Cambridgeshire	New Orland	58161	7477 Brycen Circles	Suite 410	-88.052999999999997	2.6772999999999998	Northwest	38
449	Goldner\\, Jacobi and Stiedemann	http://placeimg.com/640/480/city	Cambridgeshire	Dustyport	68375	0519 Darius Estates	Apt. 948	73.104699999999994	-172.76650000000001	Northeast	74
450	Mraz\\, Thompson and Mitchell	http://placeimg.com/640/480/city	Berkshire	Lawrence	45210	267 Isabell Mall	Apt. 528	8.8416999999999994	169.7765	North	94
451	Ledner - Aufderhar	http://placeimg.com/640/480/city	Berkshire	Marlinshire	88773	9917 Eva Expressway	Suite 761	-35.200800000000001	52.114600000000003	Northeast	35
452	Cassin\\, Kuphal and Franecki	http://placeimg.com/640/480/city	Buckinghamshire	Everett	38262-5640	6943 Cruickshank Overpass	Apt. 897	67.876199999999997	-155.4692	Southeast	90
453	Nader\\, Stamm and Beahan	http://placeimg.com/640/480/city	Berkshire	Trentonhaven	42293-3581	3795 Cormier Mills	Suite 393	61.902099999999997	101.85120000000001	North	72
454	Strosin - Berge	http://placeimg.com/640/480/city	Bedfordshire	East Kristy	49024-0316	61738 Wolff Fords	Apt. 126	-43.551499999999997	174.4659	North	41
455	Turner\\, Herzog and Pagac	http://placeimg.com/640/480/city	Bedfordshire	South Rosalyn	46400	44281 Alexie Isle	Suite 991	-70.494200000000006	75.793000000000006	North	78
456	Littel Inc	http://placeimg.com/640/480/city	Avon	Jaidafort	53780	421 Cortez Estate	Suite 858	63.871200000000002	-82.338800000000006	South	67
\.


--
-- Data for Name: bookings; Type: TABLE DATA; Schema: public; Owner: test
--

COPY public.bookings (id, user_id, starts_at, booked_at, booked_for, apartment_id, confirmed) FROM stdin;
0	125	2021-11-19T13:22:09.767Z	2021-11-18T08:08:59.839Z	1	193	0
1	97	2021-11-18T22:38:13.126Z	2021-11-18T12:31:05.411Z	5	291	0
2	8	2021-11-18T16:08:18.545Z	2021-11-18T00:16:44.889Z	11	98	0
3	63	2021-11-18T22:55:58.485Z	2021-11-18T03:25:37.954Z	4	56	0
4	28	2021-11-19T07:09:25.341Z	2021-11-17T20:01:02.244Z	4	333	1
5	99	2021-11-18T18:19:47.775Z	2021-11-18T09:52:51.470Z	2	376	1
6	50	2021-11-19T14:20:22.366Z	2021-11-18T05:56:31.594Z	18	72	0
7	42	2021-11-18T18:24:52.359Z	2021-11-18T09:02:52.730Z	5	427	0
8	5	2021-11-18T21:04:38.236Z	2021-11-18T04:00:13.990Z	11	63	1
9	78	2021-11-18T16:24:30.166Z	2021-11-17T15:57:27.186Z	2	415	0
10	25	2021-11-18T19:01:52.203Z	2021-11-18T04:02:39.879Z	9	440	1
11	76	2021-11-19T10:08:06.996Z	2021-11-18T09:55:59.415Z	8	224	1
12	32	2021-11-18T22:20:31.058Z	2021-11-18T10:44:41.549Z	6	169	1
13	53	2021-11-19T02:14:24.065Z	2021-11-17T16:29:45.949Z	7	237	0
14	116	2021-11-18T21:20:34.042Z	2021-11-18T02:20:27.251Z	8	18	0
15	42	2021-11-19T09:45:45.037Z	2021-11-18T06:18:53.373Z	13	101	0
16	101	2021-11-19T11:03:09.775Z	2021-11-18T01:28:31.484Z	4	132	0
17	15	2021-11-18T15:29:27.426Z	2021-11-18T10:15:02.804Z	12	313	1
18	116	2021-11-19T03:20:08.763Z	2021-11-18T01:47:13.971Z	11	323	1
19	85	2021-11-18T15:27:01.805Z	2021-11-17T18:53:46.066Z	8	400	1
20	47	2021-11-18T16:21:12.778Z	2021-11-17T20:05:41.211Z	3	290	1
21	103	2021-11-19T03:08:43.822Z	2021-11-17T22:05:23.206Z	5	52	0
22	53	2021-11-19T12:07:45.883Z	2021-11-18T11:32:38.332Z	17	346	0
23	7	2021-11-19T10:14:00.338Z	2021-11-18T06:17:42.792Z	12	445	0
24	81	2021-11-19T10:58:36.583Z	2021-11-17T18:17:01.934Z	17	197	0
25	58	2021-11-19T09:59:39.838Z	2021-11-18T07:32:51.033Z	14	378	1
26	96	2021-11-18T19:52:33.035Z	2021-11-17T23:49:44.940Z	17	416	1
27	47	2021-11-19T00:36:53.714Z	2021-11-17T20:19:33.762Z	2	247	1
28	122	2021-11-19T14:37:11.087Z	2021-11-18T08:00:23.612Z	9	404	1
29	95	2021-11-18T23:06:46.807Z	2021-11-17T21:19:14.904Z	5	191	1
30	85	2021-11-18T20:57:36.773Z	2021-11-17T21:50:01.571Z	13	221	1
31	106	2021-11-19T12:38:58.640Z	2021-11-17T23:24:04.140Z	12	188	1
32	46	2021-11-18T20:29:03.359Z	2021-11-18T00:54:00.736Z	10	423	1
33	72	2021-11-18T15:48:34.373Z	2021-11-18T01:31:05.413Z	15	241	0
34	47	2021-11-19T02:46:26.719Z	2021-11-18T15:03:17.825Z	17	12	0
35	56	2021-11-18T17:02:44.702Z	2021-11-18T14:21:20.542Z	9	293	1
36	42	2021-11-19T01:54:23.507Z	2021-11-17T17:25:59.854Z	15	22	1
37	35	2021-11-19T07:43:46.589Z	2021-11-18T14:04:10.345Z	19	343	1
38	30	2021-11-19T06:52:27.239Z	2021-11-18T02:37:50.055Z	6	33	1
39	112	2021-11-19T08:18:30.730Z	2021-11-17T20:39:13.244Z	18	295	0
40	9	2021-11-18T15:49:11.795Z	2021-11-17T16:48:02.147Z	3	383	1
41	18	2021-11-19T00:25:09.946Z	2021-11-18T11:58:36.323Z	16	183	1
42	22	2021-11-18T16:25:28.140Z	2021-11-18T12:50:34.392Z	3	82	0
43	111	2021-11-18T17:09:24.114Z	2021-11-17T15:16:15.190Z	6	397	1
44	97	2021-11-19T14:37:49.587Z	2021-11-18T09:40:20.194Z	10	253	0
45	92	2021-11-19T08:16:50.395Z	2021-11-17T22:46:02.643Z	6	364	1
46	15	2021-11-19T09:24:02.642Z	2021-11-17T15:38:31.426Z	15	141	1
47	125	2021-11-18T22:24:02.655Z	2021-11-17T21:56:57.230Z	13	106	0
48	6	2021-11-19T07:46:23.872Z	2021-11-17T21:41:53.447Z	20	452	0
49	6	2021-11-19T12:59:28.152Z	2021-11-17T18:16:54.930Z	5	395	1
50	42	2021-11-18T20:37:08.037Z	2021-11-18T09:09:21.931Z	8	316	0
51	26	2021-11-19T07:17:11.990Z	2021-11-17T23:37:07.905Z	3	225	0
52	59	2021-11-18T19:22:45.478Z	2021-11-18T04:21:53.917Z	9	115	1
53	37	2021-11-19T07:08:38.702Z	2021-11-17T23:33:37.319Z	8	421	0
54	117	2021-11-18T23:38:35.008Z	2021-11-18T13:07:50.216Z	14	246	0
55	41	2021-11-19T10:12:41.996Z	2021-11-18T12:19:38.859Z	20	190	1
56	73	2021-11-19T11:55:54.358Z	2021-11-17T18:37:23.571Z	15	394	0
57	40	2021-11-19T14:45:13.887Z	2021-11-18T08:01:45.323Z	3	193	0
58	96	2021-11-19T03:59:58.638Z	2021-11-17T18:50:33.777Z	20	40	0
59	5	2021-11-19T10:00:37.519Z	2021-11-17T23:36:25.753Z	18	114	0
60	125	2021-11-19T08:06:37.471Z	2021-11-18T14:17:41.983Z	14	387	0
61	117	2021-11-19T01:07:33.894Z	2021-11-17T17:38:57.162Z	5	122	1
62	3	2021-11-18T23:05:08.823Z	2021-11-17T23:33:05.058Z	7	369	0
63	126	2021-11-19T01:37:51.408Z	2021-11-17T18:50:21.989Z	6	84	1
64	21	2021-11-19T09:06:44.323Z	2021-11-17T22:06:54.561Z	19	150	0
65	8	2021-11-19T04:54:04.719Z	2021-11-18T14:47:24.825Z	2	161	0
66	67	2021-11-18T23:36:33.471Z	2021-11-18T11:09:23.543Z	13	204	1
67	114	2021-11-18T17:51:01.976Z	2021-11-18T04:52:09.904Z	14	452	1
68	79	2021-11-19T10:48:13.750Z	2021-11-18T01:28:30.987Z	6	411	0
69	116	2021-11-19T08:07:52.476Z	2021-11-18T03:25:25.655Z	9	342	0
70	80	2021-11-19T12:03:26.090Z	2021-11-17T22:40:45.883Z	4	30	1
71	31	2021-11-19T10:17:44.036Z	2021-11-18T00:05:15.886Z	15	288	1
72	37	2021-11-18T17:58:57.430Z	2021-11-18T15:08:01.215Z	8	21	0
73	76	2021-11-18T22:40:51.801Z	2021-11-18T04:03:29.627Z	15	88	0
74	112	2021-11-19T00:28:05.026Z	2021-11-18T09:01:56.100Z	2	229	0
75	101	2021-11-18T16:46:56.746Z	2021-11-17T17:05:20.885Z	16	108	0
76	103	2021-11-18T21:39:15.495Z	2021-11-18T04:41:39.142Z	9	257	0
77	102	2021-11-19T12:09:30.457Z	2021-11-17T18:28:04.193Z	2	282	1
78	102	2021-11-18T19:51:02.367Z	2021-11-17T21:29:26.245Z	15	136	0
79	68	2021-11-19T00:22:42.177Z	2021-11-18T12:18:26.672Z	18	121	0
80	86	2021-11-19T03:14:52.516Z	2021-11-18T04:08:28.876Z	1	228	1
81	50	2021-11-19T07:00:37.235Z	2021-11-18T09:02:34.519Z	8	107	0
82	103	2021-11-19T11:32:11.600Z	2021-11-18T09:04:40.448Z	7	239	0
83	82	2021-11-18T18:40:00.700Z	2021-11-18T10:57:50.935Z	3	75	0
84	85	2021-11-19T09:55:23.285Z	2021-11-17T23:58:34.958Z	4	341	1
85	107	2021-11-18T20:59:31.406Z	2021-11-18T14:00:42.355Z	5	334	1
86	18	2021-11-19T01:49:25.665Z	2021-11-17T23:56:39.335Z	2	333	1
87	10	2021-11-19T11:44:41.354Z	2021-11-18T05:01:56.896Z	16	190	1
88	126	2021-11-18T17:34:13.967Z	2021-11-17T18:48:32.064Z	12	228	1
89	113	2021-11-18T19:19:44.576Z	2021-11-18T04:45:46.762Z	8	90	1
90	82	2021-11-18T17:25:19.027Z	2021-11-17T23:40:43.050Z	20	3	0
91	47	2021-11-19T07:47:54.587Z	2021-11-18T14:17:24.095Z	18	248	1
92	118	2021-11-18T15:46:53.892Z	2021-11-18T09:18:07.868Z	3	235	0
93	8	2021-11-18T19:48:19.504Z	2021-11-17T18:46:22.634Z	11	425	0
94	56	2021-11-19T05:26:42.661Z	2021-11-18T14:18:39.100Z	8	133	0
95	91	2021-11-19T05:20:30.003Z	2021-11-18T13:52:36.688Z	7	359	0
96	14	2021-11-19T03:20:05.074Z	2021-11-17T21:02:26.023Z	2	182	0
97	42	2021-11-18T15:44:30.631Z	2021-11-18T04:59:23.111Z	9	193	1
98	107	2021-11-19T13:12:30.988Z	2021-11-17T21:54:02.540Z	6	8	0
99	12	2021-11-18T15:28:50.276Z	2021-11-17T17:02:16.501Z	14	82	0
100	88	2021-11-19T02:02:57.728Z	2021-11-18T08:52:13.983Z	12	32	0
101	126	2021-11-18T16:13:51.263Z	2021-11-17T23:09:03.766Z	16	214	1
102	91	2021-11-19T09:30:27.274Z	2021-11-18T08:27:37.683Z	4	374	1
103	23	2021-11-19T08:27:13.600Z	2021-11-18T10:25:17.720Z	12	398	1
104	93	2021-11-19T06:20:37.466Z	2021-11-18T10:45:21.947Z	2	416	1
105	79	2021-11-19T07:55:55.791Z	2021-11-18T04:00:36.845Z	4	407	1
106	30	2021-11-19T01:42:21.178Z	2021-11-18T02:36:51.301Z	16	12	0
107	7	2021-11-19T06:31:44.443Z	2021-11-17T18:53:13.819Z	1	322	1
108	32	2021-11-19T07:57:37.018Z	2021-11-18T00:51:07.850Z	10	393	0
109	113	2021-11-18T22:50:22.566Z	2021-11-18T09:04:35.806Z	4	96	0
110	27	2021-11-18T18:45:13.604Z	2021-11-18T00:18:32.272Z	12	138	1
111	114	2021-11-18T21:13:34.564Z	2021-11-18T12:55:13.534Z	18	49	0
112	48	2021-11-19T11:57:37.272Z	2021-11-17T18:05:43.569Z	9	25	0
113	37	2021-11-19T15:07:54.205Z	2021-11-17T20:34:19.605Z	12	133	0
114	114	2021-11-19T06:01:54.510Z	2021-11-18T03:51:24.070Z	18	318	1
115	72	2021-11-18T20:14:09.503Z	2021-11-17T16:23:27.220Z	5	59	0
116	96	2021-11-18T20:07:19.952Z	2021-11-17T21:38:06.758Z	12	197	1
117	102	2021-11-19T07:38:45.148Z	2021-11-18T00:02:22.232Z	15	168	1
118	98	2021-11-19T12:50:44.117Z	2021-11-18T04:40:10.056Z	14	333	0
119	113	2021-11-18T20:02:48.787Z	2021-11-18T14:08:25.760Z	14	340	0
120	73	2021-11-19T12:55:51.702Z	2021-11-18T08:16:39.471Z	8	366	0
121	99	2021-11-18T22:49:13.940Z	2021-11-17T18:19:20.212Z	15	250	1
122	21	2021-11-19T04:43:52.189Z	2021-11-18T13:06:37.241Z	2	32	0
123	21	2021-11-19T12:45:19.464Z	2021-11-18T08:00:39.894Z	2	105	1
124	89	2021-11-19T07:06:17.369Z	2021-11-17T21:33:46.142Z	8	109	1
125	46	2021-11-18T18:25:12.233Z	2021-11-18T08:00:00.890Z	5	211	1
126	88	2021-11-19T09:42:10.424Z	2021-11-17T19:00:17.875Z	7	60	1
\.


--
-- Data for Name: users; Type: TABLE DATA; Schema: public; Owner: test
--

COPY public.users (id, first_name, last_name, full_name, job_title, job_type, phone, email, image, country, city, onboarding_completion) FROM stdin;
0	Kattie	Hane	Darrel Champlin	Senior Data Orchestrator	District	292.479.2831	Kirk_Torphy92@gmail.com	https://cdn.fakercloud.com/avatars/antjanus_128.jpg	Berkshire	New Gaetano	82
1	Orin	Kshlerin	Robert Gerlach	Forward Assurance Designer	Future	901.373.5326 x6273	Jordon39@yahoo.com	https://cdn.fakercloud.com/avatars/txcx_128.jpg	Buckinghamshire	Felipeborough	61
2	Floy	Klein	Carla Huels	Human Branding Specialist	Dynamic	681.721.0550 x5379	Wilfred.Terry@yahoo.com	https://cdn.fakercloud.com/avatars/ssbb_me_128.jpg	Bedfordshire	Padbergport	39
3	Breanne	Jacobi	John Hirthe	Investor Implementation Manager	Principal	1-320-695-1664 x4548	Jed.OKon@yahoo.com	https://cdn.fakercloud.com/avatars/longlivemyword_128.jpg	Cambridgeshire	Kissimmee	79
4	Augustine	Reichert	Marco Reichel	International Group Supervisor	District	1-240-795-7808	Rodrigo_Renner@gmail.com	https://cdn.fakercloud.com/avatars/itolmach_128.jpg	Berkshire	West Meaghan	89
5	Hope	Turner	Vernon Kreiger	Direct Optimization Agent	Investor	(634) 274-7122 x63780	Waylon.Wisoky@yahoo.com	https://cdn.fakercloud.com/avatars/byryan_128.jpg	Bedfordshire	Alfredchester	51
6	Fletcher	O'Keefe	Ms. Brandy Rice	National Factors Technician	Dynamic	635-250-9518	Rosalind_Hudson@hotmail.com	https://cdn.fakercloud.com/avatars/okandungel_128.jpg	Bedfordshire	North Cobybury	18
7	Eliza	Considine	Alma Lebsack	Human Solutions Architect	Central	727-456-4141	Angelita_Miller@gmail.com	https://cdn.fakercloud.com/avatars/divya_128.jpg	Borders	North Jaquelineton	11
8	Abel	Brakus	Dr. Luther Bartoletti	Lead Integration Executive	Global	1-215-987-8205	Edwin24@yahoo.com	https://cdn.fakercloud.com/avatars/bargaorobalo_128.jpg	Borders	Nigelburgh	83
9	Jessy	Friesen	Rhonda Kuvalis	Dynamic Group Facilitator	Corporate	823.378.9164 x178	Chanel.Kunde@yahoo.com	https://cdn.fakercloud.com/avatars/stalewine_128.jpg	Bedfordshire	Lancaster	50
10	Dudley	Lynch	Roger Reichert V	Global Usability Developer	Product	(309) 936-8561 x2062	Reginald_DuBuque@yahoo.com	https://cdn.fakercloud.com/avatars/benoitboucart_128.jpg	Buckinghamshire	Hudsonmouth	29
11	Dillon	Kulas	Jacqueline Kihn	National Program Orchestrator	Central	335.461.9207	Abbie.McKenzie40@yahoo.com	https://cdn.fakercloud.com/avatars/noufalibrahim_128.jpg	Avon	Port Bernadette	47
12	Marcos	Purdy	Mrs. Isabel Corwin	Chief Communications Strategist	Lead	769.665.8765 x94027	Bulah.Considine@yahoo.com	https://cdn.fakercloud.com/avatars/jmfsocial_128.jpg	Cambridgeshire	North Gennaroshire	8
13	Berta	Friesen	Angelina Wehner	Central Optimization Engineer	International	613-618-4250 x0293	Cory.Blick40@hotmail.com	https://cdn.fakercloud.com/avatars/chacky14_128.jpg	Avon	North Miami	40
14	Margarett	Mohr	Floyd Balistreri	Dynamic Brand Manager	Corporate	356-291-7356	Angie.Balistreri93@yahoo.com	https://cdn.fakercloud.com/avatars/jpenico_128.jpg	Bedfordshire	Port Auroreberg	16
15	Orville	Spencer	Audrey Harris	Product Intranet Specialist	Central	(965) 600-4569	Neoma_Beatty42@gmail.com	https://cdn.fakercloud.com/avatars/kalmerrautam_128.jpg	Bedfordshire	West Nicholausfurt	86
16	Santiago	Spencer	Marty Kerluke	Human Directives Producer	Dynamic	(395) 551-9028 x35883	Marcelle39@gmail.com	https://cdn.fakercloud.com/avatars/charliegann_128.jpg	Cambridgeshire	East Devan	89
17	Eleanora	Kuvalis	Vincent Abbott	Investor Quality Analyst	Investor	245-831-4431 x4708	Clifford60@yahoo.com	https://cdn.fakercloud.com/avatars/ionuss_128.jpg	Cambridgeshire	Paramount	71
18	Ryan	Koss	Brenda Nolan	Senior Directives Technician	Lead	1-337-659-5108	Linnie62@yahoo.com	https://cdn.fakercloud.com/avatars/stayuber_128.jpg	Buckinghamshire	South Kaia	29
19	Arnulfo	Cummerata	Matt Kilback I	Central Web Strategist	Central	1-394-879-4762	Isobel55@yahoo.com	https://cdn.fakercloud.com/avatars/nehfy_128.jpg	Berkshire	Virgilmouth	95
20	Gudrun	Ziemann	Kevin Gleason	Product Quality Specialist	National	864.328.6556	Jessie.Hoppe@yahoo.com	https://cdn.fakercloud.com/avatars/wikiziner_128.jpg	Buckinghamshire	Lake Georgiana	69
21	Myrtie	Predovic	Hannah Casper	Future Division Liaison	Dynamic	701-562-6687	Gus.Wolf40@hotmail.com	https://cdn.fakercloud.com/avatars/randomlies_128.jpg	Bedfordshire	Arianemouth	44
22	Arvilla	Schaefer	Hugo Schmitt	Product Directives Assistant	Legacy	1-672-735-4257	Emil16@yahoo.com	https://cdn.fakercloud.com/avatars/r_garcia_128.jpg	Cambridgeshire	Pacochatown	12
23	Vida	Schuster	Kevin Cartwright	District Security Analyst	Human	(702) 379-2069 x99327	Desmond.Block19@yahoo.com	https://cdn.fakercloud.com/avatars/hafeeskhan_128.jpg	Bedfordshire	Lake Cheyennehaven	47
24	Mireya	Wisozk	Marcus Thompson	Customer Optimization Supervisor	Future	(248) 321-3397 x861	Garrison_Luettgen51@gmail.com	https://cdn.fakercloud.com/avatars/timpetricola_128.jpg	Cambridgeshire	New Maxie	67
25	Arvel	Pfannerstill	Barry Cronin	International Response Specialist	Principal	(297) 351-1870 x342	Tod_Russel73@hotmail.com	https://cdn.fakercloud.com/avatars/safrankov_128.jpg	Berkshire	North Marcelostad	43
26	Gerard	McLaughlin	Miguel Reilly	International Factors Liaison	Global	645.774.3688 x4199	Glennie95@hotmail.com	https://cdn.fakercloud.com/avatars/chadengle_128.jpg	Buckinghamshire	Diamond Bar	83
27	Patrick	Funk	George Langosh	Investor Interactions Coordinator	Investor	749-226-8521	Jacinto.Connelly@hotmail.com	https://cdn.fakercloud.com/avatars/timgthomas_128.jpg	Avon	Caylamouth	30
28	Kristina	Glover	Dr. Fred Bednar	Chief Tactics Analyst	Chief	243-605-0477 x24995	Ladarius.Ortiz36@hotmail.com	https://cdn.fakercloud.com/avatars/urrutimeoli_128.jpg	Avon	Callieville	25
29	Katrine	Ullrich	Roger Koss	Lead Division Executive	Forward	1-565-435-4667	Jameson_Anderson51@gmail.com	https://cdn.fakercloud.com/avatars/stefvdham_128.jpg	Avon	Walterville	11
30	Madaline	Marvin	Cedric Lynch	District Accountability Manager	Internal	260-432-6506 x4672	Colby_Hilpert@hotmail.com	https://cdn.fakercloud.com/avatars/Chakintosh_128.jpg	Buckinghamshire	Torranceville	94
31	Isac	Muller	Lola Bradtke	Dynamic Mobility Architect	Central	(345) 986-9182	Durward.Kautzer29@gmail.com	https://cdn.fakercloud.com/avatars/lmjabreu_128.jpg	Buckinghamshire	Camarillo	50
32	Kole	Ziemann	Bernadette Ferry	Dynamic Tactics Developer	Central	418.643.0713 x71944	Damian74@hotmail.com	https://cdn.fakercloud.com/avatars/jeremery_128.jpg	Cambridgeshire	Schoenmouth	79
33	Krystina	Koelpin	Donnie Becker	Principal Usability Agent	Future	559-867-3235 x2799	Osvaldo28@hotmail.com	https://cdn.fakercloud.com/avatars/danillos_128.jpg	Avon	Lake Luisafurt	66
34	Rod	Mayert	Victor Predovic	Central Interactions Consultant	Human	1-914-912-9355	Walton66@hotmail.com	https://cdn.fakercloud.com/avatars/herbigt_128.jpg	Cambridgeshire	Port Margret	40
35	Maryse	Rolfson	Inez Harris PhD	District Optimization Coordinator	National	205-933-9496	Garnett.Dickinson@yahoo.com	https://cdn.fakercloud.com/avatars/marklamb_128.jpg	Cambridgeshire	West Hildamouth	14
36	Bernadine	Zulauf	Juan Hansen DDS	Human Assurance Consultant	Dynamic	948.271.4112 x016	Rolando.Goodwin@gmail.com	https://cdn.fakercloud.com/avatars/nsamoylov_128.jpg	Buckinghamshire	Wilson	91
37	Adella	Nicolas	Fannie Wiza	Future Applications Associate	Future	(813) 938-2831 x898	Jany89@yahoo.com	https://cdn.fakercloud.com/avatars/puzik_128.jpg	Borders	West Marcelinoport	57
38	Kaylee	Schinner	Debra Quitzon	Dynamic Metrics Engineer	Principal	(973) 225-8673	Allan.Bode97@gmail.com	https://cdn.fakercloud.com/avatars/sydlawrence_128.jpg	Bedfordshire	Gusikowskistad	73
39	Wilfredo	Hahn	Arlene Herzog	Product Directives Consultant	Dynamic	1-785-528-8056 x39916	Hal.Keebler60@gmail.com	https://cdn.fakercloud.com/avatars/keryilmaz_128.jpg	Borders	East Teresashire	97
40	Aniya	Terry	Terrell Blanda IV	Regional Security Specialist	Global	894-432-3355 x066	Macie87@hotmail.com	https://cdn.fakercloud.com/avatars/langate_128.jpg	Buckinghamshire	Lake Marlene	73
41	Treva	Blick	Kellie Barton	Global Integration Technician	Chief	920.650.0036	Alek.Murray@hotmail.com	https://cdn.fakercloud.com/avatars/bungiwan_128.jpg	Buckinghamshire	North Germainebury	29
42	Garrick	Cronin	Mrs. Darla Schiller	Dynamic Web Consultant	Lead	892.814.2736 x027	Sydnie.Beier26@yahoo.com	https://cdn.fakercloud.com/avatars/rohixx_128.jpg	Berkshire	Port Antoniettachester	19
43	Odie	Spinka	Dr. Hugo Lueilwitz	Direct Interactions Orchestrator	Future	1-752-849-0571 x77995	Ivah_Boehm65@yahoo.com	https://cdn.fakercloud.com/avatars/tanveerrao_128.jpg	Buckinghamshire	Lake Stan	68
44	Elvera	Schoen	Jan Rice	Regional Intranet Liaison	Dynamic	(666) 466-8177	Camila.Corwin6@gmail.com	https://cdn.fakercloud.com/avatars/therealmarvin_128.jpg	Bedfordshire	Lake Lorainefurt	84
45	Tyrel	Cole	Mr. Shelia Thompson	Legacy Branding Specialist	International	236-727-5044 x38682	Mariah_Williamson60@hotmail.com	https://cdn.fakercloud.com/avatars/falconerie_128.jpg	Berkshire	Smithburgh	9
46	Rosamond	Schaden	Drew Walsh	Dynamic Configuration Producer	Future	748.895.1217	Alvena87@hotmail.com	https://cdn.fakercloud.com/avatars/sandywoodruff_128.jpg	Cambridgeshire	Brandyntown	12
47	Audra	Heaney	Clifford Prosacco IV	Regional Accountability Director	Global	1-466-921-6636 x6283	Chasity_Mosciski@gmail.com	https://cdn.fakercloud.com/avatars/logorado_128.jpg	Cambridgeshire	Lake Dale	30
48	Abbey	Oberbrunner	Mrs. Chad Bogisich	Investor Optimization Developer	Lead	1-326-667-4395 x35992	Sam_Quitzon42@hotmail.com	https://cdn.fakercloud.com/avatars/aluisio_azevedo_128.jpg	Cambridgeshire	Port Felipe	23
49	Blanca	Mayert	Merle Schiller	Central Communications Orchestrator	Dynamic	206.415.4758 x2610	Bailey_Rau@yahoo.com	https://cdn.fakercloud.com/avatars/carlyson_128.jpg	Berkshire	Port Lilianhaven	69
50	Chaz	MacGyver	Lorenzo Bahringer	Human Identity Consultant	Lead	(488) 801-5356 x672	Jayden_Huel@hotmail.com	https://cdn.fakercloud.com/avatars/scott_riley_128.jpg	Buckinghamshire	South Laurie	94
51	Maudie	Gutkowski	Erick Cronin	Human Factors Manager	Lead	809-375-2185	Eliane.Sanford50@gmail.com	https://cdn.fakercloud.com/avatars/sergeyalmone_128.jpg	Avon	South Ravenmouth	28
52	Davon	Thiel	Wm Gibson	Central Integration Engineer	Principal	663.934.6283	Juliana75@hotmail.com	https://cdn.fakercloud.com/avatars/marcoramires_128.jpg	Avon	Port Astrid	87
53	Niko	Rolfson	Doreen Shanahan	Central Communications Assistant	Senior	631.663.7079 x97845	Vernie70@gmail.com	https://cdn.fakercloud.com/avatars/johannesneu_128.jpg	Cambridgeshire	Trentbury	51
54	Garrick	Dooley	Winston Schinner	Central Data Agent	Lead	616.649.3788 x6673	Johnathan4@hotmail.com	https://cdn.fakercloud.com/avatars/nfedoroff_128.jpg	Berkshire	Padbergside	93
55	Marlon	Frami	Jeannette Kling	Internal Infrastructure Assistant	Central	(667) 612-5196 x514	Paolo_Tromp86@hotmail.com	https://cdn.fakercloud.com/avatars/to_soham_128.jpg	Bedfordshire	Framishire	13
56	Armani	Predovic	Howard Grady	Internal Metrics Liaison	Central	533.352.8046 x43215	Vivien36@gmail.com	https://cdn.fakercloud.com/avatars/kirangopal_128.jpg	Borders	Palm Springs	91
57	Jedediah	Bashirian	Ms. Eula Gutkowski	Legacy Applications Engineer	Dynamic	(615) 369-4856	Felicia23@yahoo.com	https://cdn.fakercloud.com/avatars/alevizio_128.jpg	Bedfordshire	Spring Valley	49
58	Kathryn	Reichel	Kelvin Cummings IV	Human Markets Liaison	Lead	(858) 981-5267	Jeff_Turcotte55@hotmail.com	https://cdn.fakercloud.com/avatars/brenton_clarke_128.jpg	Buckinghamshire	Lake Minervaton	56
59	Verona	Pacocha	Brad Wyman	Human Group Developer	Dynamic	(349) 541-5064	Imelda_Schmitt@yahoo.com	https://cdn.fakercloud.com/avatars/madshensel_128.jpg	Cambridgeshire	Chicago	96
60	Araceli	O'Conner	Rochelle Hirthe	Internal Creative Specialist	Dynamic	1-784-454-4296 x882	Mara5@gmail.com	https://cdn.fakercloud.com/avatars/gt_128.jpg	Cambridgeshire	Cheektowaga	10
61	Jeramie	Leannon	Pam Kozey	International Tactics Analyst	Product	908.239.8518	Asa.Torp@gmail.com	https://cdn.fakercloud.com/avatars/peejfancher_128.jpg	Borders	West Emorychester	55
62	Ruthe	Yundt	Herman Jones	Corporate Accounts Producer	Corporate	1-231-226-9339 x9458	Lonnie_Gaylord@yahoo.com	https://cdn.fakercloud.com/avatars/baluli_128.jpg	Cambridgeshire	Bayerburgh	24
63	Clarabelle	Flatley	Kara Heller V	Direct Communications Strategist	Investor	(559) 205-7990 x6064	Marilyne_Stroman@hotmail.com	https://cdn.fakercloud.com/avatars/kolsvein_128.jpg	Cambridgeshire	Hampton	84
64	Elza	Ward	Stacey Crooks	Global Quality Representative	Future	233.666.8221	Shany63@yahoo.com	https://cdn.fakercloud.com/avatars/kumarrajan12123_128.jpg	Borders	North Mazie	52
65	Jaida	Schimmel	Stacey Robel	Lead Configuration Supervisor	Senior	(417) 452-6643	Casimer34@hotmail.com	https://cdn.fakercloud.com/avatars/tristanlegros_128.jpg	Avon	Gibsonmouth	24
66	Kyle	Kutch	Joy Conroy	Lead Creative Supervisor	Human	287.976.8797 x5995	Catalina.Grady75@hotmail.com	https://cdn.fakercloud.com/avatars/langate_128.jpg	Avon	South Addison	76
67	Judson	Macejkovic	Lynda Bartell	District Program Manager	Investor	250-542-3079 x636	Newell41@gmail.com	https://cdn.fakercloud.com/avatars/ChrisFarina78_128.jpg	Avon	Norfolk	1
68	Doyle	Kuhn	Andrew Gottlieb PhD	Central Accounts Consultant	Chief	(471) 955-8285 x2007	Alfred.Purdy2@gmail.com	https://cdn.fakercloud.com/avatars/mufaddal_mw_128.jpg	Borders	South Theo	1
69	Cielo	Hansen	Marsha Hauck	Customer Web Executive	Internal	852.736.1906	Wilfredo.Terry@yahoo.com	https://cdn.fakercloud.com/avatars/emmandenn_128.jpg	Borders	North Carmenfort	84
70	Estelle	Murray	Eric Gleichner	Customer Quality Director	Direct	864-878-9333 x5470	Demarcus36@hotmail.com	https://cdn.fakercloud.com/avatars/iamjdeleon_128.jpg	Bedfordshire	Libbieland	18
71	Nola	Maggio	Jerald Howe	International Paradigm Supervisor	Product	(304) 363-4101 x803	Guillermo80@hotmail.com	https://cdn.fakercloud.com/avatars/carlfairclough_128.jpg	Borders	Swiftside	80
72	Addison	Douglas	Glenn Bogisich	Dynamic Identity Architect	Legacy	(618) 518-3191	Jeremy.Heller86@yahoo.com	https://cdn.fakercloud.com/avatars/miguelkooreman_128.jpg	Bedfordshire	Zackland	30
73	Jaydon	Cormier	Shawna Gottlieb	Dynamic Assurance Agent	Legacy	1-968-327-1702 x0911	Orlando.Towne@gmail.com	https://cdn.fakercloud.com/avatars/rtyukmaev_128.jpg	Buckinghamshire	Lysannefurt	97
74	Mario	Purdy	Santos Adams	Customer Security Associate	Central	212-554-7249	Matilda23@gmail.com	https://cdn.fakercloud.com/avatars/goddardlewis_128.jpg	Buckinghamshire	San Marcos	96
75	Clovis	Goodwin	Mattie Moen Jr.	Dynamic Integration Assistant	Principal	1-517-814-9348 x808	Jeanie.Oberbrunner52@gmail.com	https://cdn.fakercloud.com/avatars/d33pthought_128.jpg	Berkshire	Duluth	88
76	Bulah	Toy	Jana Spinka	District Research Officer	Dynamic	950.603.8691	Vaughn.Veum30@hotmail.com	https://cdn.fakercloud.com/avatars/osvaldas_128.jpg	Cambridgeshire	Eloyside	42
77	Ike	Reynolds	Priscilla Hauck	Global Solutions Designer	Dynamic	663-510-4549 x39941	Marisa_Kunze@hotmail.com	https://cdn.fakercloud.com/avatars/ryuchi311_128.jpg	Avon	Pacochaland	13
78	Eulalia	Toy	Ms. Elizabeth Swift	Internal Brand Specialist	Chief	273.579.2451	Cale.Baumbach@yahoo.com	https://cdn.fakercloud.com/avatars/albertaugustin_128.jpg	Borders	Zitaborough	35
79	Phyllis	Hagenes	Bonnie Gottlieb MD	Chief Assurance Liaison	National	322-649-2908	Francis89@gmail.com	https://cdn.fakercloud.com/avatars/low_res_128.jpg	Avon	Eloisaville	51
80	Jacklyn	Tillman	Esther Pouros	Dynamic Optimization Associate	International	1-705-604-8418 x7457	Zoila_Daniel77@gmail.com	https://cdn.fakercloud.com/avatars/gregrwilkinson_128.jpg	Cambridgeshire	Orenshire	28
81	Lurline	Quitzon	Leah Wilkinson	Regional Identity Producer	Senior	1-822-293-5089	Adah25@hotmail.com	https://cdn.fakercloud.com/avatars/kevinoh_128.jpg	Bedfordshire	Lake Gladyce	16
82	Mckenna	Sanford	Irene Bergnaum	Senior Mobility Architect	Lead	269-356-9572	Yvonne_Kessler@yahoo.com	https://cdn.fakercloud.com/avatars/dzantievm_128.jpg	Berkshire	South Zachary	56
83	Arvid	Rath	Robin Kulas	Chief Interactions Consultant	District	(572) 827-0878 x8329	Scarlett54@gmail.com	https://cdn.fakercloud.com/avatars/billyroshan_128.jpg	Avon	North Spencerside	34
84	Jules	Predovic	Van Jakubowski	Senior Markets Strategist	Direct	(857) 348-3759 x2786	Eloy63@gmail.com	https://cdn.fakercloud.com/avatars/kuldarkalvik_128.jpg	Buckinghamshire	West Ellastad	8
85	Tillman	Koch	Mattie Metz	Central Tactics Designer	District	1-495-587-1082	Scarlett_Schmeler@yahoo.com	https://cdn.fakercloud.com/avatars/andyisonline_128.jpg	Cambridgeshire	Ann Arbor	6
86	Lucinda	Ebert	Becky Friesen	Corporate Data Associate	Direct	354-200-3103 x61362	Karlie_Haag@yahoo.com	https://cdn.fakercloud.com/avatars/jagan123_128.jpg	Berkshire	Lake Nyamouth	94
87	Hailee	Hyatt	Tracey Prohaska	District Web Planner	Forward	1-375-836-4926 x4635	Mark.Wolff@yahoo.com	https://cdn.fakercloud.com/avatars/balintorosz_128.jpg	Bedfordshire	Huntington Park	43
88	Rory	Hauck	Dr. Cory Borer	Principal Directives Facilitator	Global	(889) 566-4852 x994	Jerry.McKenzie78@gmail.com	https://cdn.fakercloud.com/avatars/hanna_smi_128.jpg	Avon	Isabelshire	89
89	Gabrielle	Collier	Roy Wiza	Chief Operations Orchestrator	Senior	371-846-7940 x749	Dexter_Schowalter@yahoo.com	https://cdn.fakercloud.com/avatars/a_brixen_128.jpg	Avon	Manteca	49
90	Odell	Wehner	Melvin D'Amore	Direct Intranet Designer	Legacy	317.785.8276 x6600	Hudson40@yahoo.com	https://cdn.fakercloud.com/avatars/demersdesigns_128.jpg	Avon	Connellytown	64
91	Colt	Schimmel	Jeannette Turcotte	Investor Assurance Architect	Dynamic	390-238-0854 x5069	Kay38@gmail.com	https://cdn.fakercloud.com/avatars/ernestsemerda_128.jpg	Cambridgeshire	Norwalk	12
92	Abby	Konopelski	Dallas Davis	Direct Interactions Executive	Principal	285-756-8821	Erica_Jast@hotmail.com	https://cdn.fakercloud.com/avatars/iamgarth_128.jpg	Bedfordshire	South Ida	22
93	Davonte	Ebert	Lorena Kuhlman	Dynamic Integration Planner	Regional	1-963-243-3857 x276	Alexander_Mayert71@gmail.com	https://cdn.fakercloud.com/avatars/andresdjasso_128.jpg	Avon	Davontefurt	46
94	Liliane	Bernier	Naomi Watsica	Global Paradigm Supervisor	Direct	(921) 266-5175	Beverly74@gmail.com	https://cdn.fakercloud.com/avatars/tonymillion_128.jpg	Berkshire	Edmond	15
95	Ardith	Prohaska	Calvin Bahringer	Future Research Officer	Regional	1-373-268-5924 x902	Lewis66@gmail.com	https://cdn.fakercloud.com/avatars/sergeyalmone_128.jpg	Buckinghamshire	North Agustinshire	70
96	Cathrine	Beier	Bradley Brekke	Regional Intranet Coordinator	Customer	1-810-979-6821 x1955	Alanna_Satterfield@hotmail.com	https://cdn.fakercloud.com/avatars/vlajki_128.jpg	Avon	Kent	52
97	Lawson	Corkery	Tina Walter	Legacy Branding Representative	Human	781.445.7023	Brook97@hotmail.com	https://cdn.fakercloud.com/avatars/fronx_128.jpg	Buckinghamshire	Langstad	2
98	Roel	Schiller	Sandra Langosh	Dynamic Infrastructure Administrator	Future	432.870.8850	Thalia_Wehner78@gmail.com	https://cdn.fakercloud.com/avatars/jeremyshimko_128.jpg	Borders	Rapid City	58
99	Boyd	Gerlach	Mrs. Jeannie Jaskolski	District Accounts Developer	Internal	(208) 650-5437 x8452	Jeffrey_Dickens40@gmail.com	https://cdn.fakercloud.com/avatars/kianoshp_128.jpg	Buckinghamshire	West Kristina	85
100	Lyla	Cronin	Sherman Farrell II	Investor Identity Consultant	International	906.204.1302	Kraig47@yahoo.com	https://cdn.fakercloud.com/avatars/greenbes_128.jpg	Borders	Akron	21
101	Syble	Herzog	Dr. Jacqueline Lang	Principal Quality Strategist	International	908.948.9458 x98663	Alexie71@hotmail.com	https://cdn.fakercloud.com/avatars/silv3rgvn_128.jpg	Berkshire	Rileybury	66
102	Chyna	Dicki	Tara Johnson	Chief Accountability Officer	Central	(748) 814-2153	Jerry_Morar@gmail.com	https://cdn.fakercloud.com/avatars/wake_gs_128.jpg	Buckinghamshire	Lakewood	92
103	Aliya	Ruecker	Henry Turner	Central Marketing Analyst	Lead	(956) 595-4922 x994	Halle40@gmail.com	https://cdn.fakercloud.com/avatars/91bilal_128.jpg	Avon	South Nyasia	13
104	Odessa	Konopelski	Nettie Pacocha II	Senior Identity Designer	International	887.798.2807 x4249	Karson58@gmail.com	https://cdn.fakercloud.com/avatars/josecarlospsh_128.jpg	Berkshire	Rowanside	69
105	Ken	Schuppe	Louise Hodkiewicz	Regional Optimization Planner	Regional	292-583-6572 x73721	Mafalda.Denesik@hotmail.com	https://cdn.fakercloud.com/avatars/emsgulam_128.jpg	Bedfordshire	Port Heleneshire	10
106	Jannie	Mueller	Elbert Reichel	Customer Implementation Designer	Investor	1-639-236-3283 x2932	Odie9@hotmail.com	https://cdn.fakercloud.com/avatars/jffgrdnr_128.jpg	Buckinghamshire	Lake April	56
107	Monica	Jones	Kathleen Schneider	Investor Communications Liaison	Global	1-673-718-0307 x8225	Vicente_Hane@yahoo.com	https://cdn.fakercloud.com/avatars/jitachi_128.jpg	Cambridgeshire	Kleinfort	50
108	Noe	Leffler	Brent Wehner	Direct Web Administrator	Lead	591-350-1863	Jeremie8@hotmail.com	https://cdn.fakercloud.com/avatars/davecraige_128.jpg	Cambridgeshire	Simoneview	26
109	Linwood	Stroman	Doreen Langworth	Product Creative Consultant	Chief	(443) 811-7175 x747	Wanda.Beahan32@hotmail.com	https://cdn.fakercloud.com/avatars/sweetdelisa_128.jpg	Bedfordshire	Gary	15
110	Grover	Goyette	Carlos Maggio	Human Usability Manager	Global	714-952-5756	Katarina2@gmail.com	https://cdn.fakercloud.com/avatars/karsh_128.jpg	Cambridgeshire	North Violettetown	59
111	Gregorio	Rolfson	Veronica Gislason	Product Assurance Executive	Regional	257.814.0976	Keaton_Kreiger77@yahoo.com	https://cdn.fakercloud.com/avatars/sergeyalmone_128.jpg	Bedfordshire	Cormierhaven	54
112	Jaron	Hackett	Sheryl Klocko	Customer Brand Supervisor	Central	(711) 591-1508	Dorian_Boehm40@yahoo.com	https://cdn.fakercloud.com/avatars/apriendeau_128.jpg	Borders	Herzogtown	11
113	Ubaldo	Crooks	Virgil Hoppe V	Regional Factors Specialist	Dynamic	(429) 723-1147 x65503	Ron.Mohr@gmail.com	https://cdn.fakercloud.com/avatars/bassamology_128.jpg	Cambridgeshire	Kleinport	14
114	Iliana	Lesch	Annie Macejkovic III	District Web Coordinator	Customer	(943) 774-5529 x687	Soledad92@hotmail.com	https://cdn.fakercloud.com/avatars/olaolusoga_128.jpg	Bedfordshire	Pfannerstillfort	52
115	Brayan	Gorczany	Jean Schimmel	Direct Interactions Associate	Dynamic	(384) 393-7587	Devante47@yahoo.com	https://cdn.fakercloud.com/avatars/mgonto_128.jpg	Avon	Whittier	33
116	Sammie	Cummings	Julia Cruickshank	National Brand Supervisor	Lead	(791) 967-2561 x99221	Yvette_Streich@hotmail.com	https://cdn.fakercloud.com/avatars/gizmeedevil1991_128.jpg	Borders	Kenner	88
117	Danielle	Lueilwitz	Lance Zulauf	Legacy Metrics Technician	Principal	1-348-318-5783 x5289	Dixie_Conroy@hotmail.com	https://cdn.fakercloud.com/avatars/jcubic_128.jpg	Buckinghamshire	Aurora	61
118	Cortez	Connelly	Gwendolyn Sawayn	Chief Accountability Manager	Direct	1-418-341-8847	Devyn_Emmerich98@hotmail.com	https://cdn.fakercloud.com/avatars/flexrs_128.jpg	Berkshire	North Mandyville	89
119	Murl	Champlin	Ryan Swaniawski	Corporate Group Orchestrator	National	(948) 368-6063 x42116	Casey_Bins11@gmail.com	https://cdn.fakercloud.com/avatars/adrienths_128.jpg	Bedfordshire	South Dangeloton	12
120	Kiley	Lowe	Wayne Hyatt V	Principal Research Representative	Global	(369) 505-2039 x8901	Janet61@yahoo.com	https://cdn.fakercloud.com/avatars/sur4dye_128.jpg	Cambridgeshire	West Idellamouth	55
121	Paula	Mann	Melinda Erdman	International Operations Designer	Product	216-713-4657 x3359	Belle_Block72@gmail.com	https://cdn.fakercloud.com/avatars/madshensel_128.jpg	Avon	New Modesta	40
122	Eugene	Hyatt	Verna O'Hara IV	Central Markets Liaison	Senior	(891) 753-0934 x357	Nasir48@hotmail.com	https://cdn.fakercloud.com/avatars/beweinreich_128.jpg	Avon	Delano	57
123	Ahmed	Botsford	Eleanor Balistreri	Lead Operations Strategist	Dynamic	422.326.1204 x25552	Veronica32@gmail.com	https://cdn.fakercloud.com/avatars/ahmetalpbalkan_128.jpg	Berkshire	Eunaside	31
124	Vladimir	Frami	Josefina Abshire	International Functionality Producer	Principal	658.586.8574	Furman21@hotmail.com	https://cdn.fakercloud.com/avatars/chaensel_128.jpg	Berkshire	West Yesenia	27
125	Melvin	Nikolaus	Francisco Stoltenberg	Future Functionality Consultant	District	1-606-266-8110	Edyth_Hickle@gmail.com	https://cdn.fakercloud.com/avatars/AlbertoCococi_128.jpg	Bedfordshire	New Manuelahaven	52
\.


--
-- Name: appartments appartments_pkey; Type: CONSTRAINT; Schema: public; Owner: test
--

ALTER TABLE ONLY public.appartments
    ADD CONSTRAINT appartments_pkey PRIMARY KEY (id);


--
-- Name: TABLE appartments; Type: ACL; Schema: public; Owner: test
--

GRANT ALL ON TABLE public.appartments TO test;


--
-- Name: TABLE bookings; Type: ACL; Schema: public; Owner: test
--

GRANT ALL ON TABLE public.bookings TO test;


--
-- Name: TABLE users; Type: ACL; Schema: public; Owner: test
--

GRANT ALL ON TABLE public.users TO test;


--
-- PostgreSQL database dump complete
--

